0.7479140162467957,0.8842675685882568,-9.379982657264918e-08,0.7200818061828613,0.6439512968063354,-0.007022514007985592,0.6652135848999023,0.44144898653030396,-0.030128050595521927,0.5964193344116211,0.2630292773246765,-0.05071403831243515,0.5548225045204163,0.12651565670967102,-0.06949950009584427,0.47323229908943176,0.4925830066204071,-0.04290221258997917,0.3541916310787201,0.5143482089042664,-0.0321151465177536,0.41177111864089966,0.549859344959259,-0.022300440818071365,0.4721648693084717,0.5632100105285645,-0.01681181974709034,0.4266512989997864,0.6359645128250122,-0.04260776564478874,0.3530595004558563,0.6308227777481079,-0.014144029468297958,0.4061235785484314,0.6541297435760498,-0.0009977408917620778,0.45949846506118774,0.667715847492218,-0.0037695318460464478,0.4035700559616089,0.7800875902175903,-0.0360940583050251,0.35102787613868713,0.7394052147865295,-0.00311482441611588,0.3946138024330139,0.7613584399223328,0.019014207646250725,0.4460003972053528,0.782516360282898,0.019542137160897255,0.39134255051612854,0.9044698476791382,-0.02995065599679947,0.3435152769088745,0.8427296280860901,-0.0019419315503910184,0.3903045058250427,0.863953709602356,0.028569420799613,0.43566086888313293,0.8838160037994385,0.04710603505373001,thumbs up
0.5447259545326233,0.9531837701797485,2.439983745716745e-06,0.45795270800590515,0.9512717723846436,-0.16250665485858917,0.42126429080963135,0.8786689043045044,-0.27184420824050903,0.49350035190582275,0.8517483472824097,-0.366921991109848,0.5799851417541504,0.7968579530715942,-0.4593862295150757,0.45720383524894714,0.5463054776191711,-0.20750217139720917,0.4155506491661072,0.3599282503128052,-0.3083254396915436,0.3862267732620239,0.22191843390464783,-0.3681638538837433,0.3715413510799408,0.10519024729728699,-0.4109618663787842,0.5562763214111328,0.5545845627784729,-0.19816750288009644,0.5970547199249268,0.3391706049442291,-0.30382201075553894,0.6282942891120911,0.20399212837219238,-0.3622194826602936,0.6462134718894958,0.0698094367980957,-0.3966858983039856,0.6292257905006409,0.6256646513938904,-0.20365458726882935,0.6892026662826538,0.5156254172325134,-0.3436576724052429,0.6474700570106506,0.6636683940887451,-0.38470572233200073,0.6001200675964355,0.757492184638977,-0.38744521141052246,0.681229829788208,0.71905517578125,-0.22025737166404724,0.7153475284576416,0.7250009179115295,-0.3479900658130646,0.6588204503059387,0.8351479172706604,-0.3882155418395996,0.5974406599998474,0.9051499366760254,-0.4000628888607025,peace
0.5442872643470764,0.9465491771697998,2.4005698833207134e-06,0.4587257504463196,0.9440229535102844,-0.15865550935268402,0.4226049780845642,0.8707547187805176,-0.2649947702884674,0.49410489201545715,0.8436150550842285,-0.35733672976493835,0.5817009806632996,0.7936478853225708,-0.4464954137802124,0.45527219772338867,0.5432420372962952,-0.20121408998966217,0.4143291711807251,0.35816824436187744,-0.2997349798679352,0.3853883147239685,0.22096768021583557,-0.35796111822128296,0.37118425965309143,0.10416412353515625,-0.3996414542198181,0.5545851588249207,0.5498760342597961,-0.19186700880527496,0.5957157611846924,0.33636704087257385,-0.29616227746009827,0.6263343691825867,0.20107179880142212,-0.3533371686935425,0.6439656019210815,0.06824839115142822,-0.3865514099597931,0.6274987459182739,0.619536280632019,-0.19688840210437775,0.688767671585083,0.5139650106430054,-0.3332115411758423,0.646043598651886,0.6615926027297974,-0.369755357503891,0.5986528396606445,0.7527406215667725,-0.3693394362926483,0.6798182725906372,0.7115107178688049,-0.2129884958267212,0.7183372974395752,0.713668704032898,-0.3356388211250305,0.6637628674507141,0.8247314691543579,-0.3708864450454712,0.6037030816078186,0.894260823726654,-0.379140704870224,peace
0.5453203320503235,0.9528903961181641,2.4194387151510455e-06,0.4594067931175232,0.9454711675643921,-0.15848875045776367,0.42537224292755127,0.8697483539581299,-0.26452746987342834,0.5029565095901489,0.8443928956985474,-0.35720399022102356,0.596416711807251,0.798972487449646,-0.4465768337249756,0.4629814028739929,0.5449765920639038,-0.1964305341243744,0.4220900237560272,0.35651832818984985,-0.2926923632621765,0.39362990856170654,0.2173616886138916,-0.34916505217552185,0.38036593794822693,0.099581778049469,-0.3901153802871704,0.563315212726593,0.553318977355957,-0.18772771954536438,0.6041432023048401,0.33980506658554077,-0.28910908102989197,0.6353886723518372,0.2030952274799347,-0.34391775727272034,0.6543018221855164,0.06942331790924072,-0.37616199254989624,0.6363682746887207,0.6253776550292969,-0.1941814422607422,0.6985632181167603,0.5123064517974854,-0.3298005163669586,0.6560060381889343,0.659902036190033,-0.36707744002342224,0.6086764931678772,0.7541991472244263,-0.36728230118751526,0.688297688961029,0.7188349366188049,-0.2119472175836563,0.7241341471672058,0.7188050746917725,-0.33668044209480286,0.6695643663406372,0.8263838291168213,-0.375288724899292,0.6099236607551575,0.8954299092292786,-0.3858932852745056,peace
0.549923837184906,0.957196056842804,2.3405307274515508e-06,0.46558862924575806,0.9501339197158813,-0.15362109243869781,0.43088603019714355,0.8736133575439453,-0.25502485036849976,0.5056895017623901,0.8493489623069763,-0.3429180383682251,0.5980207920074463,0.8033586144447327,-0.4272148609161377,0.46606430411338806,0.548254132270813,-0.19106800854206085,0.4267401695251465,0.36177003383636475,-0.2874504327774048,0.39876535534858704,0.224929541349411,-0.3449811339378357,0.38414743542671204,0.10649073123931885,-0.3861484229564667,0.5656137466430664,0.5547463297843933,-0.18221603333950043,0.6072111129760742,0.3424496650695801,-0.2832377552986145,0.6380792260169983,0.20540732145309448,-0.3387087285518646,0.6563325524330139,0.07291615009307861,-0.3707837164402008,0.6378839015960693,0.6263907551765442,-0.18786227703094482,0.7008203268051147,0.5231205821037292,-0.32227185368537903,0.6573719382286072,0.6701288223266602,-0.35819756984710693,0.60939621925354,0.7624791860580444,-0.3566489517688751,0.6893943548202515,0.7211638689041138,-0.2041735053062439,0.7262469530105591,0.7236326932907104,-0.3258250653743744,0.6698113679885864,0.8307223320007324,-0.3606027364730835,0.608353853225708,0.8973479270935059,-0.36785057187080383,peace
0.5509323477745056,0.9580909609794617,2.3638142465642886e-06,0.4681922495365143,0.9527398347854614,-0.15704017877578735,0.4335624575614929,0.8789123296737671,-0.2601465880870819,0.5074340105056763,0.8506948947906494,-0.34922361373901367,0.603358805179596,0.804588794708252,-0.43426185846328735,0.46721842885017395,0.5518366098403931,-0.19362802803516388,0.4284502863883972,0.36108845472335815,-0.29035860300064087,0.4008758068084717,0.22232291102409363,-0.3477197289466858,0.3873012661933899,0.10196259617805481,-0.3888241946697235,0.5680747628211975,0.5571061372756958,-0.18278224766254425,0.6101992130279541,0.34447169303894043,-0.28410056233406067,0.6417771577835083,0.2066870927810669,-0.3388938009738922,0.6603343486785889,0.07357704639434814,-0.3704862594604492,0.6409865617752075,0.6281564235687256,-0.18668006360530853,0.7043276429176331,0.5234677195549011,-0.32099246978759766,0.660717785358429,0.6697508096694946,-0.35563692450523376,0.6117491126060486,0.7625565528869629,-0.3531621992588043,0.6926612854003906,0.7221822738647461,-0.20170694589614868,0.7310402393341064,0.7249206304550171,-0.32372063398361206,0.6760087013244629,0.8313994407653809,-0.35841894149780273,0.6149592995643616,0.8994557857513428,-0.3653299808502197,peace
0.5514712333679199,0.9485983848571777,2.3746342776576057e-06,0.4676509499549866,0.9474222660064697,-0.16078144311904907,0.43322452902793884,0.8770954608917236,-0.2666236460208893,0.5072565078735352,0.8540397882461548,-0.35791680216789246,0.598908543586731,0.8020291328430176,-0.44574588537216187,0.46942558884620667,0.5496913194656372,-0.2007278949022293,0.42931312322616577,0.3651717007160187,-0.29861176013946533,0.40182483196258545,0.2286747395992279,-0.35672786831855774,0.38854750990867615,0.11107534170150757,-0.3983941078186035,0.5693442225456238,0.5553798675537109,-0.18961957097053528,0.6103572249412537,0.34583884477615356,-0.29227352142333984,0.6413075923919678,0.21090590953826904,-0.3484291732311249,0.6588706374168396,0.08062893152236938,-0.38127535581588745,0.6417667269706726,0.6263859272003174,-0.19359919428825378,0.7031102180480957,0.527363657951355,-0.3308037221431732,0.6608955264091492,0.6743288636207581,-0.3695048391819,0.6137232780456543,0.7644794583320618,-0.37011244893074036,0.6933974623680115,0.7194579839706421,-0.20855851471424103,0.7327266931533813,0.7212466597557068,-0.33240634202957153,0.6762619018554688,0.8285428285598755,-0.3695293068885803,0.6138899922370911,0.8954681754112244,-0.37908467650413513,peace
0.5496540069580078,0.951297402381897,2.383853370702127e-06,0.4666346311569214,0.9448138475418091,-0.15592773258686066,0.4328502416610718,0.8698198795318604,-0.26049667596817017,0.508727490901947,0.8448072075843811,-0.3516630232334137,0.6015856862068176,0.7980732917785645,-0.4393094778060913,0.4686494469642639,0.545242428779602,-0.194575235247612,0.42911532521247864,0.3572121858596802,-0.28987443447113037,0.40207841992378235,0.21842089295387268,-0.3447985351085663,0.39059311151504517,0.1010516881942749,-0.38395044207572937,0.5685754418373108,0.5527503490447998,-0.1855831742286682,0.6115041971206665,0.33927249908447266,-0.2855290174484253,0.6424760818481445,0.20252525806427002,-0.3382430076599121,0.6610279083251953,0.0707281231880188,-0.36826688051223755,0.6411051750183105,0.6237945556640625,-0.1914273500442505,0.7061890363693237,0.5169548392295837,-0.32608887553215027,0.6629742383956909,0.66322922706604,-0.3624345362186432,0.6148536801338196,0.7567614912986755,-0.36134612560272217,0.6929572224617004,0.7167444229125977,-0.20815309882164001,0.7318650484085083,0.719936192035675,-0.33141064643859863,0.6771718263626099,0.8279298543930054,-0.36837226152420044,0.6162916421890259,0.8969665765762329,-0.3772605359554291,peace
0.5546168088912964,0.951288104057312,2.3421264359058114e-06,0.4714620113372803,0.947108268737793,-0.15567047894001007,0.43672603368759155,0.873470664024353,-0.25890862941741943,0.5104489922523499,0.8462146520614624,-0.3485318720340729,0.602915346622467,0.798679769039154,-0.43447622656822205,0.46944594383239746,0.5499929189682007,-0.19501058757305145,0.43068408966064453,0.363789826631546,-0.29222896695137024,0.40368959307670593,0.22682246565818787,-0.3507917821407318,0.39168527722358704,0.10810330510139465,-0.3931238353252411,0.5693379044532776,0.55458664894104,-0.18525274097919464,0.611078143119812,0.3470448851585388,-0.2882876992225647,0.6417412161827087,0.2121225893497467,-0.3453535735607147,0.6595230102539062,0.0810893177986145,-0.3790648877620697,0.6419482827186584,0.6240025758743286,-0.18970060348510742,0.7062114477157593,0.5182293057441711,-0.32370370626449585,0.6611961126327515,0.6666738390922546,-0.35780784487724304,0.6113482713699341,0.7610567212104797,-0.3558042645454407,0.6937311887741089,0.717262327671051,-0.20523197948932648,0.7335282564163208,0.7163591980934143,-0.32615426182746887,0.6784893274307251,0.8230888843536377,-0.36007678508758545,0.6170697808265686,0.8918534517288208,-0.3671434223651886,peace
0.5574774146080017,0.9425373077392578,2.436711383779766e-06,0.4704720973968506,0.9383213520050049,-0.16006186604499817,0.43462052941322327,0.8667138814926147,-0.26746177673339844,0.5125821828842163,0.845710039138794,-0.36129578948020935,0.6036853790283203,0.7942792177200317,-0.4515140652656555,0.47463929653167725,0.537010669708252,-0.19653582572937012,0.43466633558273315,0.3529118597507477,-0.2922404706478119,0.4067251682281494,0.2139786183834076,-0.3468051254749298,0.3931008279323578,0.0987202525138855,-0.38553768396377563,0.5742844939231873,0.5446903705596924,-0.18696287274360657,0.6171311736106873,0.3322416841983795,-0.2857346832752228,0.6475555896759033,0.19845184683799744,-0.335586816072464,0.6650270819664001,0.06505006551742554,-0.36350664496421814,0.6462515592575073,0.6161646842956543,-0.19345298409461975,0.7095931172370911,0.5137781500816345,-0.3286961317062378,0.6675723791122437,0.6633301377296448,-0.36449146270751953,0.62017422914505,0.7529075741767883,-0.36310869455337524,0.6974511742591858,0.7086613774299622,-0.21129973232746124,0.7360685467720032,0.7142792344093323,-0.335370808839798,0.6787818074226379,0.8229804039001465,-0.37318676710128784,0.61541748046875,0.8878068327903748,-0.38316118717193604,peace
0.5547652840614319,0.9534518718719482,2.2844633349450305e-06,0.4720732271671295,0.9485477209091187,-0.15413016080856323,0.4390330910682678,0.8747529983520508,-0.2557542324066162,0.5154827833175659,0.8487589359283447,-0.3435441553592682,0.6061496138572693,0.7985163927078247,-0.42798033356666565,0.4746856093406677,0.5522134304046631,-0.1948608160018921,0.43574804067611694,0.3655514121055603,-0.29109713435173035,0.40814846754074097,0.23136258125305176,-0.3487399220466614,0.39439964294433594,0.11341238021850586,-0.39063560962677,0.5737239122390747,0.5572656989097595,-0.1853630393743515,0.6143017411231995,0.35028839111328125,-0.2873798608779907,0.6450088024139404,0.21769067645072937,-0.3448029160499573,0.6631656885147095,0.08702170848846436,-0.37933191657066345,0.6448866128921509,0.6271616220474243,-0.18991553783416748,0.7092724442481995,0.5234067440032959,-0.324736088514328,0.6671910285949707,0.668694019317627,-0.36350008845329285,0.6198980808258057,0.7598481178283691,-0.36528903245925903,0.6958316564559937,0.7209538817405701,-0.2049504816532135,0.7345479726791382,0.726132333278656,-0.3279034197330475,0.6772118210792542,0.8320624828338623,-0.36594581604003906,0.6142356395721436,0.8985131978988647,-0.3765087127685547,peace
0.5587837100028992,0.9447638988494873,2.3794229946361156e-06,0.4733476936817169,0.9396464228630066,-0.15723638236522675,0.4387708306312561,0.8661611080169678,-0.26148611307144165,0.5145519375801086,0.8412131667137146,-0.3514210283756256,0.6042553186416626,0.7926265597343445,-0.4377148151397705,0.47203028202056885,0.5387052297592163,-0.19877032935619354,0.43382513523101807,0.35161784291267395,-0.2960217595100403,0.40667372941970825,0.2145373821258545,-0.35320672392845154,0.3939199447631836,0.09751707315444946,-0.3940412998199463,0.5724833607673645,0.5458988547325134,-0.18859480321407318,0.6163507699966431,0.3358100652694702,-0.29220467805862427,0.6472921371459961,0.20028364658355713,-0.34791845083236694,0.6647198796272278,0.07006996870040894,-0.3798106610774994,0.6453799605369568,0.6164580583572388,-0.19276215136051178,0.7089159488677979,0.5137097239494324,-0.3285464644432068,0.6654717922210693,0.659604549407959,-0.36413800716400146,0.6161425113677979,0.7504712343215942,-0.3627009987831116,0.697546660900116,0.7087375521659851,-0.20789729058742523,0.734508752822876,0.7157801389694214,-0.3312391936779022,0.6778714656829834,0.8246181607246399,-0.3668699562549591,0.6150339841842651,0.8919755220413208,-0.3747095763683319,peace
0.5490745306015015,0.9480443000793457,2.348054977119318e-06,0.4657759368419647,0.9435650110244751,-0.15842024981975555,0.43192058801651,0.8714798092842102,-0.26243412494659424,0.5076569318771362,0.8458693027496338,-0.3516353964805603,0.5971243381500244,0.7933947443962097,-0.43770894408226013,0.46757617592811584,0.5456161499023438,-0.19780755043029785,0.42844486236572266,0.3618204593658447,-0.2920820415019989,0.3997499942779541,0.22528472542762756,-0.34702789783477783,0.38414955139160156,0.10978817939758301,-0.38615405559539795,0.5662156939506531,0.5521279573440552,-0.18599912524223328,0.6075114011764526,0.3400682210922241,-0.2824348211288452,0.6380696296691895,0.20907631516456604,-0.3330197036266327,0.6550436019897461,0.08403116464614868,-0.3621348738670349,0.6380282640457153,0.6229155659675598,-0.18916954100131989,0.7002238035202026,0.5202012062072754,-0.32049858570098877,0.6608521938323975,0.6599143147468567,-0.35825902223587036,0.6151902079582214,0.7471010684967041,-0.35966411232948303,0.6889146566390991,0.7150677442550659,-0.2031792253255844,0.7268885970115662,0.7181462645530701,-0.32407161593437195,0.6704791784286499,0.8265390396118164,-0.3614589273929596,0.6080299019813538,0.8942441940307617,-0.37185171246528625,peace
0.5495600700378418,0.9550108313560486,2.3309510197577765e-06,0.46697092056274414,0.9509711265563965,-0.1564389318227768,0.43440884351730347,0.8763064742088318,-0.2593994140625,0.5112064480781555,0.850323498249054,-0.34821227192878723,0.6022494435310364,0.8002758026123047,-0.4335385859012604,0.4703633785247803,0.549866795539856,-0.19719070196151733,0.43150466680526733,0.3606075644493103,-0.2944498062133789,0.4039139151573181,0.22433683276176453,-0.35290810465812683,0.3902958631515503,0.10565486550331116,-0.39519408345222473,0.5702794790267944,0.5559754371643066,-0.1874915361404419,0.611470639705658,0.34424570202827454,-0.2909531593322754,0.6424875855445862,0.20886588096618652,-0.34928154945373535,0.6607392430305481,0.07837194204330444,-0.3839806318283081,0.6426838040351868,0.6276145577430725,-0.19194595515727997,0.7061349749565125,0.5216653347015381,-0.32790252566337585,0.6620579361915588,0.6675738096237183,-0.365755170583725,0.6131335496902466,0.7589452266693115,-0.3663780391216278,0.6944741606712341,0.722330629825592,-0.20714440941810608,0.7333957552909851,0.7235051393508911,-0.33034151792526245,0.6762576103210449,0.8293063640594482,-0.3667334318161011,0.6132602095603943,0.8961026668548584,-0.375745952129364,peace
0.5544446110725403,0.9359253644943237,2.145176495105261e-06,0.47007960081100464,0.9238464832305908,-0.1304096132516861,0.41788601875305176,0.8697942495346069,-0.22269664704799652,0.39545923471450806,0.831936240196228,-0.3046441078186035,0.3701357841491699,0.801971435546875,-0.3868410587310791,0.4615327715873718,0.5268301963806152,-0.18006393313407898,0.42526769638061523,0.33276569843292236,-0.2639472782611847,0.40006083250045776,0.2053065001964569,-0.31911444664001465,0.3878956139087677,0.09125375747680664,-0.36169469356536865,0.5624569058418274,0.531921923160553,-0.17852503061294556,0.603195071220398,0.31628841161727905,-0.26820552349090576,0.6385172605514526,0.17188265919685364,-0.33421507477760315,0.6605297923088074,0.04936784505844116,-0.3814774453639984,0.6380146741867065,0.6045176982879639,-0.18772146105766296,0.7208266258239746,0.4488533139228821,-0.3117310106754303,0.7309816479682922,0.5159797072410583,-0.37964746356010437,0.7127206325531006,0.5871620178222656,-0.41027122735977173,0.6992329359054565,0.7102276086807251,-0.20335477590560913,0.7855549454689026,0.6632199287414551,-0.32630375027656555,0.776926577091217,0.7200905084609985,-0.38594645261764526,0.7345101237297058,0.7715921401977539,-0.4170168936252594,peace
0.5548250079154968,0.9419810771942139,1.9935982891183812e-06,0.47429394721984863,0.9263519048690796,-0.11771686375141144,0.4207378327846527,0.8728835582733154,-0.20310504734516144,0.3937983512878418,0.8339686393737793,-0.2799047827720642,0.3590956926345825,0.8039546012878418,-0.357224702835083,0.4559175372123718,0.5300206542015076,-0.16931132972240448,0.41945475339889526,0.33368685841560364,-0.2491038739681244,0.39540621638298035,0.20719501376152039,-0.3013700842857361,0.3835282325744629,0.09153673052787781,-0.34105074405670166,0.5602511167526245,0.5337309241294861,-0.17197467386722565,0.600729763507843,0.3148672580718994,-0.2559562921524048,0.6343738436698914,0.1714804768562317,-0.3174784183502197,0.6550615429878235,0.047472357749938965,-0.3616745173931122,0.6390409469604492,0.6061813831329346,-0.1835387647151947,0.7218542098999023,0.45211535692214966,-0.2989065647125244,0.7234700918197632,0.5289308428764343,-0.3553707003593445,0.7015995979309082,0.6048932075500488,-0.3785448968410492,0.7050320506095886,0.7142759561538696,-0.2008693963289261,0.7877570390701294,0.6567999124526978,-0.31166088581085205,0.7692422866821289,0.7246999740600586,-0.3567943871021271,0.7239435911178589,0.787155270576477,-0.3776829242706299,peace
0.5530512928962708,0.9683084487915039,2.018897248490248e-06,0.477072536945343,0.9443798661231995,-0.13698074221611023,0.42683809995651245,0.8810286521911621,-0.22962965071201324,0.43943315744400024,0.8393973112106323,-0.3110907971858978,0.49536067247390747,0.7939088940620422,-0.3899579346179962,0.46577194333076477,0.5379454493522644,-0.16474536061286926,0.42549872398376465,0.34196937084198,-0.24370577931404114,0.3989308774471283,0.21016362309455872,-0.29480117559432983,0.38719314336776733,0.09246131777763367,-0.33493494987487793,0.5686463117599487,0.5382078886032104,-0.15711989998817444,0.6081047654151917,0.32027187943458557,-0.23800590634346008,0.6419582366943359,0.17973271012306213,-0.2970000207424164,0.6652045845985413,0.049156785011291504,-0.3397026062011719,0.6461231112480164,0.6086877584457397,-0.16228535771369934,0.7264370918273926,0.4546654224395752,-0.2783317565917969,0.725162148475647,0.5392929911613464,-0.33596935868263245,0.702721118927002,0.6143768429756165,-0.35934633016586304,0.7125513553619385,0.717645525932312,-0.1753545105457306,0.7851865291595459,0.6711161136627197,-0.2895324230194092,0.7616528272628784,0.7423286437988281,-0.34055864810943604,0.7153788805007935,0.8025106191635132,-0.3653163015842438,peace
0.5167244672775269,0.9834908246994019,2.0780662453034893e-06,0.4329562783241272,0.9440063238143921,-0.12877696752548218,0.41002675890922546,0.833465576171875,-0.19224147498607635,0.49444580078125,0.7786879539489746,-0.24048468470573425,0.5875358581542969,0.710412859916687,-0.28132304549217224,0.4114230275154114,0.5533016920089722,-0.12777169048786163,0.36759689450263977,0.36603593826293945,-0.1965896338224411,0.3363293409347534,0.2294909954071045,-0.232776939868927,0.31277239322662354,0.11636322736740112,-0.25496789813041687,0.5051925182342529,0.5596574544906616,-0.11168298870325089,0.5419524908065796,0.33712518215179443,-0.18045289814472198,0.5685718059539795,0.1920815110206604,-0.2114478349685669,0.5828664898872375,0.06759804487228394,-0.22084452211856842,0.5713228583335876,0.6313885450363159,-0.11067601293325424,0.6048153638839722,0.5895100235939026,-0.21604038774967194,0.5681357383728027,0.7246652245521545,-0.2421325147151947,0.5317787528038025,0.7871996760368347,-0.23048759996891022,0.6144068837165833,0.7190448045730591,-0.1187489703297615,0.6258913278579712,0.758902370929718,-0.2150435447692871,0.579498827457428,0.866511344909668,-0.2389684021472931,0.5336098670959473,0.9161854386329651,-0.23637041449546814,peace
0.5133747458457947,0.9791566729545593,2.0214126834616764e-06,0.4344424605369568,0.9413988590240479,-0.12111631780862808,0.40935051441192627,0.8334203958511353,-0.18537312746047974,0.4924449920654297,0.7737632989883423,-0.23710781335830688,0.5859236717224121,0.7034098505973816,-0.2821492552757263,0.411458283662796,0.5517640113830566,-0.12263709306716919,0.3667175769805908,0.3668261766433716,-0.19447167217731476,0.3346318006515503,0.23346102237701416,-0.2352834939956665,0.3091832399368286,0.12136295437812805,-0.261100709438324,0.5031688213348389,0.557197630405426,-0.11154463142156601,0.5384541749954224,0.34242817759513855,-0.18509787321090698,0.5647026896476746,0.19814375042915344,-0.2224169373512268,0.5793060660362244,0.07214248180389404,-0.2368910163640976,0.5700621604919434,0.6279149651527405,-0.11422984302043915,0.6031248569488525,0.5888674855232239,-0.22037027776241302,0.5674942135810852,0.7216053009033203,-0.24573491513729095,0.5327834486961365,0.7861955165863037,-0.23407691717147827,0.6147983074188232,0.7174540162086487,-0.12544982135295868,0.6263852119445801,0.7545939683914185,-0.21849006414413452,0.5797855257987976,0.8572876453399658,-0.2382759004831314,0.5346633791923523,0.9054389595985413,-0.23317402601242065,peace
0.514589786529541,0.9720907211303711,2.119833197866683e-06,0.4347086250782013,0.9363425374031067,-0.12303581833839417,0.411833256483078,0.8283325433731079,-0.188283771276474,0.49462130665779114,0.772639811038971,-0.24067489802837372,0.5875916481018066,0.7060152292251587,-0.2865280508995056,0.41159000992774963,0.5509281158447266,-0.12853071093559265,0.36833685636520386,0.36426806449890137,-0.20218388736248016,0.3370721936225891,0.22941559553146362,-0.24421998858451843,0.3128412961959839,0.11632177233695984,-0.2709449827671051,0.5042429566383362,0.555289089679718,-0.11746034771203995,0.5423769354820251,0.33814242482185364,-0.19338634610176086,0.5699488520622253,0.19150277972221375,-0.23270316421985626,0.5854960083961487,0.0659821629524231,-0.2483995258808136,0.5715728402137756,0.6254114508628845,-0.11982665210962296,0.6035639047622681,0.5858386158943176,-0.2267524003982544,0.5674649477005005,0.7192385196685791,-0.25118088722229004,0.5323209762573242,0.7838003039360046,-0.2388429194688797,0.6156678795814514,0.7136807441711426,-0.13094177842140198,0.6267333030700684,0.748468279838562,-0.22342170774936676,0.5802316069602966,0.8515781760215759,-0.2410961091518402,0.5352451801300049,0.9003093242645264,-0.23448680341243744,peace
0.5160493850708008,0.9843139052391052,2.050394414254697e-06,0.4339715540409088,0.945213794708252,-0.11735869199037552,0.40770405530929565,0.8357125520706177,-0.1799100935459137,0.4926072061061859,0.7759107351303101,-0.2308274507522583,0.5865592360496521,0.7119446992874146,-0.27523916959762573,0.4113113284111023,0.5568386316299438,-0.12120556086301804,0.36805403232574463,0.3694591224193573,-0.19328033924102783,0.3374876081943512,0.2348993718624115,-0.23553679883480072,0.31277698278427124,0.12253129482269287,-0.2626872658729553,0.5035030841827393,0.5611217021942139,-0.11163093149662018,0.5410940647125244,0.3462587296962738,-0.18591701984405518,0.5677965879440308,0.1993362009525299,-0.22609829902648926,0.5846876502037048,0.07149940729141235,-0.24311409890651703,0.5714243054389954,0.6326801776885986,-0.114773228764534,0.6049222350120544,0.5932016968727112,-0.21690408885478973,0.56892991065979,0.7233796715736389,-0.23868541419506073,0.5363370180130005,0.7879742383956909,-0.22549955546855927,0.6170809268951416,0.7251400947570801,-0.12652574479579926,0.6284904479980469,0.7532004117965698,-0.21385958790779114,0.5816087126731873,0.8497413396835327,-0.22842472791671753,0.5382423400878906,0.8962854743003845,-0.22010472416877747,peace
0.5184052586555481,0.9823305606842041,1.934552074089879e-06,0.4378787875175476,0.9407293796539307,-0.10579241812229156,0.4096355736255646,0.8303520083427429,-0.16363660991191864,0.4923035204410553,0.7692250609397888,-0.21170811355113983,0.5825177431106567,0.7018001079559326,-0.25465965270996094,0.4143891930580139,0.5504477024078369,-0.1164429783821106,0.370572030544281,0.3610861301422119,-0.18632623553276062,0.33938848972320557,0.22768402099609375,-0.22652161121368408,0.31417590379714966,0.11488121747970581,-0.2526720464229584,0.5077329277992249,0.551514744758606,-0.11134997755289078,0.5454294681549072,0.33827054500579834,-0.18329554796218872,0.5702657103538513,0.19435226917266846,-0.22216515243053436,0.5861168503761292,0.06718897819519043,-0.23914924263954163,0.575290322303772,0.6219547390937805,-0.11733508855104446,0.6050662994384766,0.5870247483253479,-0.21713371574878693,0.5686823725700378,0.7162637114524841,-0.24054518342018127,0.5378805994987488,0.7862160205841064,-0.23007960617542267,0.6192417144775391,0.7158902883529663,-0.13064412772655487,0.6191476583480835,0.7612287998199463,-0.21930460631847382,0.5727013349533081,0.859043538570404,-0.23697040975093842,0.533011257648468,0.9080914855003357,-0.2311301976442337,peace
0.515712320804596,0.986103892326355,1.948091266967822e-06,0.43426260352134705,0.9434411525726318,-0.11215026676654816,0.4060663878917694,0.8314075469970703,-0.17199937999248505,0.48901957273483276,0.7721413373947144,-0.22085414826869965,0.5809699296951294,0.7055392265319824,-0.26427096128463745,0.41493451595306396,0.5534738302230835,-0.11852915585041046,0.37130802869796753,0.3655816614627838,-0.1885012686252594,0.3397561311721802,0.23345047235488892,-0.22864091396331787,0.3147975206375122,0.12155985832214355,-0.2548058331012726,0.5075726509094238,0.5579060912132263,-0.11172598600387573,0.5438743829727173,0.3443017601966858,-0.18424201011657715,0.5687264204025269,0.20063048601150513,-0.22387167811393738,0.584121823310852,0.074490487575531,-0.24133986234664917,0.5737992525100708,0.6300567388534546,-0.11710630357265472,0.605136513710022,0.5898528099060059,-0.22071976959705353,0.5674706697463989,0.7177614569664001,-0.24833039939403534,0.5338740348815918,0.7846540212631226,-0.24048900604248047,0.6170945763587952,0.723950207233429,-0.13013188540935516,0.6211129426956177,0.7694453001022339,-0.2238851636648178,0.5728948712348938,0.8728700280189514,-0.24545978009700775,0.529479444026947,0.9251229763031006,-0.24234110116958618,peace
0.5158383250236511,0.984778642654419,2.0368747755128425e-06,0.43362975120544434,0.9416674375534058,-0.1183503195643425,0.4067462682723999,0.8299803733825684,-0.17978528141975403,0.4881826639175415,0.773107647895813,-0.2291725128889084,0.5810841917991638,0.7078442573547363,-0.27239105105400085,0.413695752620697,0.5516140460968018,-0.12007112056016922,0.3700786232948303,0.3647071421146393,-0.19055427610874176,0.33839237689971924,0.23159602284431458,-0.23037785291671753,0.3145151138305664,0.12044143676757812,-0.2559059262275696,0.5055580139160156,0.5580507516860962,-0.11072374880313873,0.5409508347511292,0.3419855535030365,-0.18438035249710083,0.5665125846862793,0.19686070084571838,-0.22346477210521698,0.5823357701301575,0.07191997766494751,-0.23941773176193237,0.5710230469703674,0.6304214596748352,-0.11469756066799164,0.6015084981918335,0.5912811160087585,-0.22237662971019745,0.5642151236534119,0.722448468208313,-0.2515389323234558,0.5291669964790344,0.7898292541503906,-0.2428886890411377,0.6127408146858215,0.7218060493469238,-0.1267516165971756,0.6186259388923645,0.7700746059417725,-0.2247680127620697,0.5705739259719849,0.877102792263031,-0.24869954586029053,0.5250409245491028,0.9308865070343018,-0.24619078636169434,peace
0.514831006526947,0.9768680930137634,2.0315862911957083e-06,0.4327840805053711,0.9305711388587952,-0.1180838868021965,0.41126930713653564,0.8145719170570374,-0.18025712668895721,0.5009865164756775,0.753926694393158,-0.23051215708255768,0.5952390432357788,0.6863207817077637,-0.2742781937122345,0.4133056402206421,0.5443248152732849,-0.12069160491228104,0.3693843483924866,0.3592176139354706,-0.19349049031734467,0.3387531042098999,0.22642779350280762,-0.23581881821155548,0.3137466311454773,0.11540904641151428,-0.2628178000450134,0.5048273801803589,0.5504931211471558,-0.11171048134565353,0.5409518480300903,0.33833712339401245,-0.1889103204011917,0.5689241290092468,0.1935405135154724,-0.22950981557369232,0.5853184461593628,0.06629914045333862,-0.2459283024072647,0.5711383819580078,0.6211177110671997,-0.1159779354929924,0.6050156950950623,0.584439754486084,-0.2238541841506958,0.5689243078231812,0.7185800075531006,-0.24899308383464813,0.5330429673194885,0.783852219581604,-0.23737649619579315,0.6138436794281006,0.7099619507789612,-0.1287054866552353,0.6268781423568726,0.7515380382537842,-0.22313261032104492,0.5783196091651917,0.8550131916999817,-0.2423979938030243,0.531287670135498,0.9027976989746094,-0.2369227260351181,peace
0.6303773522377014,0.938947319984436,2.9840978754691605e-07,0.5201776623725891,0.8940081596374512,-0.017335958778858185,0.4189962148666382,0.7932612299919128,-0.03556681424379349,0.32537662982940674,0.723220944404602,-0.060440704226493835,0.28030526638031006,0.6504448056221008,-0.08216027915477753,0.5022836327552795,0.5444639325141907,-0.007435051258653402,0.4063605070114136,0.5141195058822632,-0.07414087653160095,0.34073829650878906,0.5724477767944336,-0.1328689306974411,0.31811004877090454,0.6426705718040466,-0.16348592936992645,0.5548375248908997,0.49347442388534546,-0.027998851612210274,0.5231748223304749,0.31395843625068665,-0.058682881295681,0.5117385387420654,0.180607408285141,-0.0803951621055603,0.5172664523124695,0.07495862245559692,-0.09412140399217606,0.6217828989028931,0.49928122758865356,-0.05878571420907974,0.6471995115280151,0.3141683340072632,-0.09511379152536392,0.661220371723175,0.1943672001361847,-0.10920886695384979,0.6739538908004761,0.09453734755516052,-0.11475741863250732,0.6898148655891418,0.5519492030143738,-0.09279721230268478,0.7845837473869324,0.43773597478866577,-0.13520678877830505,0.8509753346443176,0.3470228910446167,-0.14525935053825378,0.9075760841369629,0.2633723318576813,-0.14412416517734528,OK
0.630341112613678,0.9312331676483154,2.975112067815644e-07,0.5205400586128235,0.8858956694602966,-0.012311500497162342,0.4202915132045746,0.7869427800178528,-0.02788844332098961,0.32689157128334045,0.7168816924095154,-0.05103527382016182,0.28642526268959045,0.6434558629989624,-0.07127106934785843,0.5086894035339355,0.5399438142776489,-0.001094097620807588,0.4132239520549774,0.5091274380683899,-0.06438193470239639,0.3481045961380005,0.5653128027915955,-0.12134592235088348,0.32517343759536743,0.633866012096405,-0.15183639526367188,0.5611898303031921,0.4922902584075928,-0.02337690442800522,0.5288037657737732,0.31179872155189514,-0.05391685664653778,0.518888533115387,0.18056342005729675,-0.07815296947956085,0.5251504182815552,0.07743799686431885,-0.09417774528265,0.6272737979888916,0.5000155568122864,-0.05507873743772507,0.6518222689628601,0.31469011306762695,-0.09004456549882889,0.6661099791526794,0.19462355971336365,-0.10563202947378159,0.6775585412979126,0.09245756268501282,-0.11306031048297882,0.6941348314285278,0.5525798201560974,-0.08941145241260529,0.7882901430130005,0.4382424056529999,-0.12967413663864136,0.8540366888046265,0.3482871651649475,-0.13988527655601501,0.909002423286438,0.2629905343055725,-0.13988718390464783,OK
0.6422917246818542,0.9337939023971558,2.605692372981139e-07,0.5320369005203247,0.8855089545249939,-0.012856091372668743,0.4292658567428589,0.7801803350448608,-0.027105581015348434,0.3370763063430786,0.7077397108078003,-0.0482182539999485,0.2948571443557739,0.6318296194076538,-0.06650984287261963,0.5154072642326355,0.5308113694190979,-0.0007914292509667575,0.4188006520271301,0.5004895329475403,-0.0649530217051506,0.35109955072402954,0.555978000164032,-0.12315995991230011,0.3260447382926941,0.6232080459594727,-0.1537623107433319,0.5674558281898499,0.48047125339508057,-0.022153101861476898,0.5346661806106567,0.3001537621021271,-0.05021483451128006,0.5239587426185608,0.1670176088809967,-0.07111392170190811,0.5287896990776062,0.0626821219921112,-0.08452675491571426,0.634168803691864,0.4870966970920563,-0.05348045006394386,0.6601637601852417,0.30071812868118286,-0.08804335445165634,0.673898458480835,0.18142834305763245,-0.10273772478103638,0.685382604598999,0.08288037776947021,-0.10896281152963638,0.7009798884391785,0.5406748652458191,-0.08751194179058075,0.7957870960235596,0.4265967607498169,-0.12864576280117035,0.8603475093841553,0.3369032144546509,-0.1388031244277954,0.9146654605865479,0.2529792785644531,-0.13805702328681946,OK
0.6406998634338379,0.9338605999946594,2.577654072410951e-07,0.5310733318328857,0.8855597972869873,-0.011639034375548363,0.42987483739852905,0.7777923345565796,-0.024515531957149506,0.33804285526275635,0.7049976587295532,-0.044851526618003845,0.29626578092575073,0.6345322728157043,-0.06184256821870804,0.5180187225341797,0.535590648651123,0.00017820652283262461,0.42351582646369934,0.5022789239883423,-0.06373899430036545,0.357568621635437,0.5586150884628296,-0.12040477246046066,0.3331652283668518,0.6287885308265686,-0.15006119012832642,0.5706272721290588,0.485916405916214,-0.021734658628702164,0.5397000908851624,0.3058435618877411,-0.05141209810972214,0.5301483273506165,0.17266890406608582,-0.072877436876297,0.5360394716262817,0.06924843788146973,-0.08630069345235825,0.636766254901886,0.49225813150405884,-0.053405508399009705,0.6620402932167053,0.3073715567588806,-0.08784417808055878,0.6774873733520508,0.18838965892791748,-0.1003524661064148,0.6902872323989868,0.08941733837127686,-0.10494823753833771,0.7029299736022949,0.5441309809684753,-0.08796738088130951,0.7976978421211243,0.4319268465042114,-0.1295914500951767,0.8638378977775574,0.34210675954818726,-0.13954979181289673,0.9192847013473511,0.25917577743530273,-0.13834567368030548,OK
0.6398366689682007,0.9359476566314697,2.61337959273078e-07,0.5297355651855469,0.8883399963378906,-0.015872474759817123,0.4301551580429077,0.78565514087677,-0.033611249178647995,0.33800554275512695,0.7134943604469299,-0.05818401277065277,0.2943638861179352,0.6380470395088196,-0.0792393609881401,0.5178850293159485,0.5374570488929749,-0.005269006360322237,0.4231201410293579,0.5042718648910522,-0.07361540198326111,0.35659870505332947,0.561753511428833,-0.13414886593818665,0.3328617811203003,0.6331596374511719,-0.16582641005516052,0.5703158974647522,0.48676323890686035,-0.026491226628422737,0.5388192534446716,0.3061709403991699,-0.05695014446973801,0.5295058488845825,0.17395785450935364,-0.0785832330584526,0.5360843539237976,0.07052367925643921,-0.09259363263845444,0.6366808414459229,0.4931071102619171,-0.05818875879049301,0.6642524003982544,0.30745840072631836,-0.09332062304019928,0.6806058883666992,0.1901971697807312,-0.1059887558221817,0.6948516368865967,0.09252449870109558,-0.11092524975538254,0.7036856412887573,0.5466337203979492,-0.09319689869880676,0.7993336319923401,0.4330480098724365,-0.13440312445163727,0.8667188286781311,0.3447099030017853,-0.14361463487148285,0.9233996868133545,0.26333704590797424,-0.14207889139652252,OK
0.6399530172348022,0.9292440414428711,2.7838569849336636e-07,0.5304262638092041,0.8837107419967651,-0.012298759073019028,0.426004022359848,0.7801559567451477,-0.026997417211532593,0.3358761668205261,0.708727240562439,-0.048360519111156464,0.30163511633872986,0.6308788657188416,-0.06780926883220673,0.5178098678588867,0.5333149433135986,-0.00453169597312808,0.42089012265205383,0.5031130909919739,-0.0663841962814331,0.35507404804229736,0.5595647692680359,-0.12299968302249908,0.33259618282318115,0.6275312304496765,-0.15332365036010742,0.5712876915931702,0.4857009947299957,-0.02604876086115837,0.539814293384552,0.3071697950363159,-0.05299859493970871,0.5305126905441284,0.17746710777282715,-0.07667125016450882,0.5373263359069824,0.07675698399543762,-0.093195840716362,0.6384701132774353,0.4939253032207489,-0.05648712068796158,0.6633129715919495,0.3103179335594177,-0.09032860398292542,0.6765240430831909,0.19127553701400757,-0.10976798832416534,0.6875132918357849,0.09232231974601746,-0.12072437256574631,0.7044401168823242,0.5477423667907715,-0.08906062692403793,0.7988147139549255,0.43422242999076843,-0.13026148080825806,0.8635271787643433,0.34599563479423523,-0.14275388419628143,0.917656660079956,0.26170358061790466,-0.14480574429035187,OK
0.6368332505226135,0.9309319257736206,2.538411081332015e-07,0.5267271995544434,0.8850037455558777,-0.01630582846701145,0.4264809787273407,0.7803343534469604,-0.032426465302705765,0.33537712693214417,0.7062712907791138,-0.05514806881546974,0.29142823815345764,0.633538544178009,-0.07436468452215195,0.5132848620414734,0.5402600765228271,-0.004643667489290237,0.41994819045066833,0.5055280327796936,-0.07165458053350449,0.3546949326992035,0.560650110244751,-0.1309736669063568,0.3301584720611572,0.6285081505775452,-0.16230641305446625,0.5663924217224121,0.4913095235824585,-0.02494107000529766,0.5355692505836487,0.3137975335121155,-0.056951314210891724,0.5265684723854065,0.18330535292625427,-0.08015327900648117,0.532496452331543,0.07960310578346252,-0.09491654485464096,0.6324711441993713,0.4978440999984741,-0.055507078766822815,0.6579117178916931,0.31642937660217285,-0.09225944429636002,0.6746122241020203,0.199894517660141,-0.10613752901554108,0.6884950995445251,0.10128757357597351,-0.1113572046160698,0.6989099383354187,0.5505927801132202,-0.08924843370914459,0.7907295227050781,0.43756040930747986,-0.13126236200332642,0.856285572052002,0.3494279682636261,-0.14103661477565765,0.9115144610404968,0.26789119839668274,-0.13983581960201263,OK
0.6317867636680603,0.9376150369644165,2.756162871264678e-07,0.527275562286377,0.8923771381378174,-0.01587221771478653,0.4285028576850891,0.7889216542243958,-0.032325681298971176,0.34098565578460693,0.7161189913749695,-0.05477064102888107,0.2942834496498108,0.640026867389679,-0.07522555440664291,0.5138731598854065,0.5445571541786194,-0.007933318614959717,0.422390341758728,0.5099835991859436,-0.07115005701780319,0.3575369119644165,0.564479649066925,-0.12764447927474976,0.33461880683898926,0.6299021244049072,-0.1576874852180481,0.5674397945404053,0.494570791721344,-0.028728438541293144,0.5372474193572998,0.31479161977767944,-0.06041448190808296,0.5282422304153442,0.18460533022880554,-0.08421885222196579,0.5346399545669556,0.07896199822425842,-0.09939045459032059,0.6345993876457214,0.5009798407554626,-0.05883810296654701,0.6614502668380737,0.3172557055950165,-0.09895604103803635,0.6765090227127075,0.19846120476722717,-0.11946786195039749,0.6889004707336426,0.09791964292526245,-0.12916630506515503,0.7021913528442383,0.5553159713745117,-0.09102271497249603,0.796961784362793,0.44142836332321167,-0.13543809950351715,0.8622593879699707,0.3527216911315918,-0.14809633791446686,0.917622983455658,0.2705576717853546,-0.1495167464017868,OK
0.6371928453445435,0.9368190765380859,2.4041366941673914e-07,0.5311148166656494,0.8904837965965271,-0.012127263471484184,0.43147164583206177,0.785716712474823,-0.025589793920516968,0.34374138712882996,0.7116846442222595,-0.0461873821914196,0.300965815782547,0.6385693550109863,-0.06399516016244888,0.5176640152931213,0.5460833311080933,-0.003227221081033349,0.42522990703582764,0.509429395198822,-0.06683854758739471,0.3599410653114319,0.5623772144317627,-0.12325377017259598,0.33579057455062866,0.6300588250160217,-0.15290763974189758,0.5711031556129456,0.49657875299453735,-0.024738619104027748,0.5412168502807617,0.3171969950199127,-0.05582639202475548,0.5308594703674316,0.18582114577293396,-0.07887262850999832,0.5355746746063232,0.0832647979259491,-0.0934969112277031,0.6372572779655457,0.5024886727333069,-0.05553251504898071,0.6636145710945129,0.31981998682022095,-0.0917607992887497,0.6796138882637024,0.20317697525024414,-0.10709114372730255,0.6932559013366699,0.10565111041069031,-0.11356319487094879,0.7036930322647095,0.5548055768013,-0.08882750570774078,0.7976753115653992,0.44271397590637207,-0.13053733110427856,0.8637791275978088,0.3544585704803467,-0.1410771608352661,0.9201545715332031,0.2734668552875519,-0.140677809715271,OK
0.6461618542671204,0.9418022632598877,3.027813306744065e-07,0.5367602109909058,0.8955775499343872,-0.016049949452280998,0.4361379146575928,0.786877453327179,-0.03168368339538574,0.34551477432250977,0.712989330291748,-0.053859300911426544,0.3008938729763031,0.6417136788368225,-0.07263221591711044,0.5205589532852173,0.542725145816803,-0.00491631543263793,0.42946046590805054,0.5066578984260559,-0.06904516369104385,0.3652249872684479,0.5615240931510925,-0.12495490908622742,0.34255415201187134,0.6305745244026184,-0.15420864522457123,0.5737766623497009,0.49154335260391235,-0.025753406807780266,0.543994128704071,0.3120476305484772,-0.0579947866499424,0.5356624722480774,0.17911598086357117,-0.08030976355075836,0.5440480709075928,0.0752301812171936,-0.09381721168756485,0.6405953764915466,0.49883443117141724,-0.05653843656182289,0.6669811010360718,0.3165777325630188,-0.09479466080665588,0.6825971007347107,0.19733425974845886,-0.10958337038755417,0.696810245513916,0.09728580713272095,-0.11508408188819885,0.7084521055221558,0.5538128614425659,-0.09023856371641159,0.8040303587913513,0.4396216571331024,-0.13391605019569397,0.870965838432312,0.35140860080718994,-0.14460024237632751,0.9274254441261292,0.27065804600715637,-0.1439303308725357,OK
0.6394699811935425,0.9319422245025635,2.7547545755624014e-07,0.5324071645736694,0.8873106241226196,-0.015933649614453316,0.43373915553092957,0.7799713611602783,-0.03162736818194389,0.3434554934501648,0.7073712944984436,-0.053902678191661835,0.3015856146812439,0.6354459524154663,-0.07285293936729431,0.5202195048332214,0.5366823077201843,-0.00525851733982563,0.4267611801624298,0.5018345713615417,-0.07078298926353455,0.36046579480171204,0.5578293800354004,-0.12857380509376526,0.3377716541290283,0.6285234093666077,-0.1589885950088501,0.573452889919281,0.4857282042503357,-0.02563241496682167,0.5432324409484863,0.306043803691864,-0.05752641707658768,0.5346081852912903,0.17260095477104187,-0.08016602694988251,0.54287189245224,0.06681928038597107,-0.0942654013633728,0.6402298212051392,0.49151161313056946,-0.05607183650135994,0.6677976250648499,0.3075180947780609,-0.09326951205730438,0.6842758655548096,0.18926852941513062,-0.10781260579824448,0.6990559101104736,0.09009981155395508,-0.11341720819473267,0.7079480886459351,0.5442614555358887,-0.089522585272789,0.8041481971740723,0.4313129484653473,-0.13333657383918762,0.8723861575126648,0.34303680062294006,-0.14462441205978394,0.9301410913467407,0.26176315546035767,-0.14427036046981812,OK
0.6424350738525391,0.9313251972198486,2.561453129601432e-07,0.5324901938438416,0.8838405609130859,-0.010689803399145603,0.4294590950012207,0.7816146612167358,-0.023808497935533524,0.3409273326396942,0.7105183601379395,-0.04350307583808899,0.30609211325645447,0.6338708996772766,-0.06073085963726044,0.5190629363059998,0.5336267948150635,-0.0031686152797192335,0.4248877167701721,0.5005319118499756,-0.06511110067367554,0.3601100444793701,0.5545545816421509,-0.12148739397525787,0.33595699071884155,0.6210858821868896,-0.15168337523937225,0.5717954635620117,0.4855436384677887,-0.025060564279556274,0.5403739213943481,0.3050502836704254,-0.054170913994312286,0.5316263437271118,0.17461785674095154,-0.0784991905093193,0.5373198390007019,0.07212108373641968,-0.09492494910955429,0.6388326287269592,0.49299830198287964,-0.055682264268398285,0.6638669967651367,0.3094865381717682,-0.09109579026699066,0.679029643535614,0.19088739156723022,-0.11080887913703918,0.6912662982940674,0.09072169661521912,-0.12134894728660583,0.7055951952934265,0.5468929409980774,-0.08824652433395386,0.7999887466430664,0.4336703419685364,-0.12930895388126373,0.8641905784606934,0.34518301486968994,-0.1415058672428131,0.9183541536331177,0.2608757019042969,-0.1432788074016571,OK
0.6374752521514893,0.9334666132926941,2.652700175076461e-07,0.5306837558746338,0.8857767581939697,-0.014070302248001099,0.42941170930862427,0.7868220210075378,-0.030071943998336792,0.3398062586784363,0.7156530022621155,-0.05247097462415695,0.3007187843322754,0.636623740196228,-0.0720100924372673,0.5165021419525146,0.5418811440467834,-0.005745281931012869,0.4229181408882141,0.5092231035232544,-0.07100147008895874,0.356730580329895,0.5610236525535583,-0.1295599788427353,0.3316812217235565,0.6259580254554749,-0.16066499054431915,0.567945659160614,0.4931064546108246,-0.02664281241595745,0.5358261466026306,0.3126175105571747,-0.05770653486251831,0.5254995226860046,0.1822645366191864,-0.08142808824777603,0.5306462645530701,0.08080005645751953,-0.09700440615415573,0.6340769529342651,0.4998469650745392,-0.05696647986769676,0.6592706441879272,0.3151533305644989,-0.09338238835334778,0.6734960079193115,0.19759038090705872,-0.11013265699148178,0.6857737898826599,0.09847643971443176,-0.11803783476352692,0.7010018825531006,0.5530490279197693,-0.08980384469032288,0.7949308753013611,0.4397483170032501,-0.13051927089691162,0.8591568470001221,0.35175248980522156,-0.14085477590560913,0.9130144119262695,0.26876330375671387,-0.1409381628036499,OK
0.6416268348693848,0.9376189708709717,2.8190248713144683e-07,0.5329998135566711,0.8926441669464111,-0.019291803240776062,0.43223288655281067,0.7866169214248657,-0.03775908797979355,0.3398043215274811,0.7158894538879395,-0.06278402358293533,0.30280178785324097,0.6430467367172241,-0.08357420563697815,0.5142446756362915,0.5446894764900208,-0.009145294316112995,0.4209696054458618,0.5083274245262146,-0.07974834740161896,0.3534393906593323,0.5637643337249756,-0.1393694132566452,0.32981908321380615,0.6368001103401184,-0.1694360077381134,0.5682814121246338,0.49019721150398254,-0.028765611350536346,0.5382421612739563,0.31094658374786377,-0.06274645030498505,0.5298404097557068,0.17548003792762756,-0.08237278461456299,0.5394912958145142,0.07263815402984619,-0.09314786642789841,0.6343245506286621,0.4949278235435486,-0.05944850295782089,0.6634365916252136,0.312841534614563,-0.09576770663261414,0.6823592185974121,0.19476541876792908,-0.10277879983186722,0.6999216079711914,0.09587764739990234,-0.10242247581481934,0.7019703388214111,0.5473503470420837,-0.09418492764234543,0.7960202693939209,0.4343999922275543,-0.13635171949863434,0.8639341592788696,0.347240149974823,-0.14278511703014374,0.92138671875,0.26797202229499817,-0.13795483112335205,OK
0.6418055295944214,0.9296711087226868,2.6254116392010474e-07,0.5350157022476196,0.8829963207244873,-0.013037220574915409,0.4336474537849426,0.7769078016281128,-0.026826869696378708,0.3452310860157013,0.7037599086761475,-0.04722684249281883,0.3067920207977295,0.6272708177566528,-0.06518270075321198,0.5206969380378723,0.5343256592750549,-0.0048111132346093655,0.4274773895740509,0.4989508092403412,-0.06802781671285629,0.3630704879760742,0.5538691282272339,-0.12437061220407486,0.34022265672683716,0.6215501427650452,-0.1541530191898346,0.5739132165908813,0.4859076738357544,-0.026058120653033257,0.5430862307548523,0.30554860830307007,-0.056789830327034,0.5347930788993835,0.17430883646011353,-0.08050613105297089,0.5408686399459839,0.07013973593711853,-0.09565367549657822,0.641382098197937,0.49295851588249207,-0.05649632215499878,0.6659202575683594,0.3104930818080902,-0.09507652372121811,0.6808074116706848,0.19185751676559448,-0.11474397033452988,0.6929474472999573,0.09205633401870728,-0.12400151044130325,0.708788275718689,0.5471453070640564,-0.08899728208780289,0.804125189781189,0.4341927170753479,-0.1328515112400055,0.8700292110443115,0.346037894487381,-0.14565502107143402,0.9256969094276428,0.26369112730026245,-0.14701400697231293,OK
0.6397280097007751,0.928194522857666,2.8660295470217534e-07,0.5318223834037781,0.8816715478897095,-0.0159445833414793,0.4333637058734894,0.7777992486953735,-0.03391927480697632,0.3426305651664734,0.7044301629066467,-0.058842990547418594,0.2967442572116852,0.6319621205329895,-0.08054199069738388,0.5220644474029541,0.5297043323516846,-0.007204227149486542,0.42731767892837524,0.49440228939056396,-0.07405786961317062,0.3617919683456421,0.5541748404502869,-0.13327160477638245,0.33920276165008545,0.6256492733955383,-0.1649395376443863,0.5751235485076904,0.47926872968673706,-0.02866615355014801,0.5439881682395935,0.299746036529541,-0.06236586719751358,0.5347866415977478,0.1659969687461853,-0.08761134743690491,0.5417270660400391,0.05852949619293213,-0.10401087254285812,0.6418142318725586,0.485770046710968,-0.05982938036322594,0.6683329939842224,0.301880806684494,-0.09799053519964218,0.6841052770614624,0.18358293175697327,-0.11387836188077927,0.6975415349006653,0.0832531750202179,-0.12082532048225403,0.7093172073364258,0.5389788150787354,-0.09391910582780838,0.8058227300643921,0.42498916387557983,-0.13718420267105103,0.8736090660095215,0.3354530334472656,-0.14834347367286682,0.9307599067687988,0.2526666224002838,-0.14837764203548431,OK
0.6435369253158569,0.934852123260498,2.8389024464559043e-07,0.5351929664611816,0.8863857984542847,-0.013809801079332829,0.4366225600242615,0.778067946434021,-0.02917056530714035,0.3466528058052063,0.7031511664390564,-0.051775846630334854,0.30173197388648987,0.6283046007156372,-0.07108175754547119,0.5225433111190796,0.5300195813179016,-0.0026436811313033104,0.42916563153266907,0.49382835626602173,-0.06728651374578476,0.36294853687286377,0.5523818135261536,-0.12470857053995132,0.3392566442489624,0.623672366142273,-0.1549314260482788,0.574988842010498,0.47913074493408203,-0.024747945368289948,0.5456253886222839,0.2973422110080719,-0.05617668107151985,0.5367246270179749,0.16267037391662598,-0.07900063693523407,0.5438076257705688,0.05682298541069031,-0.09321427345275879,0.6414421200752258,0.4866184890270233,-0.05670373514294624,0.6710644960403442,0.2999644875526428,-0.09387827664613724,0.6875927448272705,0.1797565221786499,-0.10894881933927536,0.7011091113090515,0.07986077666282654,-0.11496413499116898,0.7087423205375671,0.5414472222328186,-0.0914609432220459,0.808083176612854,0.4278528094291687,-0.135190948843956,0.8760977983474731,0.3363417387008667,-0.14663730561733246,0.9331582188606262,0.2532902657985687,-0.14638648927211761,OK
0.6475833058357239,0.9290298223495483,2.9039060223112756e-07,0.5380805134773254,0.8812115788459778,-0.012279149144887924,0.4388325810432434,0.7759945392608643,-0.027982491999864578,0.34862953424453735,0.7013203501701355,-0.0514046736061573,0.3060491681098938,0.6307275295257568,-0.07216647267341614,0.5290055871009827,0.531992495059967,-0.002626725472509861,0.43393030762672424,0.4982943534851074,-0.06871502846479416,0.36568212509155273,0.5491052865982056,-0.12747807800769806,0.34007763862609863,0.6156349182128906,-0.15883414447307587,0.582979679107666,0.48219597339630127,-0.02571476809680462,0.5516798496246338,0.30106303095817566,-0.05809826776385307,0.5421431660652161,0.16700279712677002,-0.08201830089092255,0.5495568513870239,0.061482906341552734,-0.09745968878269196,0.649724006652832,0.4892805516719818,-0.058510325849056244,0.6774537563323975,0.30374422669410706,-0.09493020176887512,0.6940109133720398,0.18429595232009888,-0.10956867784261703,0.7083789110183716,0.08359509706497192,-0.11603014916181564,0.716884970664978,0.5424862504005432,-0.09413152933120728,0.8144632577896118,0.42906123399734497,-0.13665072619915009,0.883590817451477,0.3412275016307831,-0.14744949340820312,0.941857099533081,0.25975677371025085,-0.14741474390029907,OK
0.6504324674606323,0.9296091198921204,2.668110994363815e-07,0.542636513710022,0.8833316564559937,-0.015836095437407494,0.4431826174259186,0.7734383940696716,-0.03134937584400177,0.3539206087589264,0.6994351744651794,-0.05355701968073845,0.3124818801879883,0.6286891102790833,-0.07291524112224579,0.5279533267021179,0.5284412503242493,-0.003480907529592514,0.4346216320991516,0.489565372467041,-0.0703030675649643,0.36892086267471313,0.5445071458816528,-0.129390686750412,0.3463338613510132,0.6140537858009338,-0.16005638241767883,0.5840477347373962,0.477895587682724,-0.02472817897796631,0.5557485818862915,0.2947233319282532,-0.05432317405939102,0.5489518642425537,0.16187193989753723,-0.07467500120401382,0.5569712519645691,0.058283716440200806,-0.08714290708303452,0.6532275676727295,0.48568418622016907,-0.056794166564941406,0.6827665567398071,0.29951903223991394,-0.09250100702047348,0.6997510194778442,0.1791583001613617,-0.10683637857437134,0.7142516374588013,0.07872694730758667,-0.11238443106412888,0.7218701243400574,0.5414542555809021,-0.09201473742723465,0.8171288967132568,0.43030110001564026,-0.13421517610549927,0.884917140007019,0.34124132990837097,-0.14490412175655365,0.9419678449630737,0.2591573894023895,-0.14422890543937683,OK
0.6473692655563354,0.930076003074646,2.794328111122013e-07,0.5416332483291626,0.8826807141304016,-0.015610842034220695,0.44363921880722046,0.7777388691902161,-0.03237175568938255,0.35601016879081726,0.7045567631721497,-0.05592218041419983,0.31002309918403625,0.6307225823402405,-0.07706368714570999,0.5296200513839722,0.5348610877990723,-0.00643931794911623,0.43715715408325195,0.4988863468170166,-0.07123684883117676,0.370021253824234,0.551943302154541,-0.12868647277355194,0.3460228145122528,0.6191668510437012,-0.15908357501029968,0.583519697189331,0.4832950234413147,-0.027771402150392532,0.554644763469696,0.3021610975265503,-0.05936216935515404,0.5454719662666321,0.16822460293769836,-0.08221806585788727,0.5526201725006104,0.06222844123840332,-0.09680601209402084,0.6501407623291016,0.49004700779914856,-0.058916814625263214,0.6791460514068604,0.3059682548046112,-0.09662275016307831,0.69576495885849,0.18669500946998596,-0.11348777264356613,0.7100881934165955,0.08657735586166382,-0.1211056113243103,0.7180393934249878,0.5454399585723877,-0.09276921302080154,0.8160938620567322,0.4327361583709717,-0.13592049479484558,0.8841836452484131,0.3435753583908081,-0.14760246872901917,0.9417686462402344,0.26192572712898254,-0.14828428626060486,OK
0.6505533456802368,0.9186369180679321,4.5358450506682857e-07,0.544171154499054,0.8913082480430603,-0.03404805809259415,0.44231826066970825,0.8176259994506836,-0.06269432604312897,0.3708152770996094,0.7475864887237549,-0.09637068957090378,0.3693068325519562,0.6675424575805664,-0.12571841478347778,0.4873727262020111,0.5775275230407715,-0.006145886145532131,0.42766624689102173,0.5082035064697266,-0.06861056387424469,0.4024442732334137,0.5549317598342896,-0.11710858345031738,0.4060071110725403,0.6181741952896118,-0.1390630453824997,0.5417615175247192,0.5157245397567749,-0.019035130739212036,0.5077250003814697,0.35125380754470825,-0.04129111021757126,0.49007028341293335,0.24467310309410095,-0.05494631454348564,0.48128873109817505,0.1521327793598175,-0.0629851222038269,0.614085853099823,0.5060498118400574,-0.045573052018880844,0.610527753829956,0.3525973856449127,-0.0786183550953865,0.6011934280395508,0.24927455186843872,-0.09726253151893616,0.594261109828949,0.16423311829566956,-0.10696598887443542,0.689598560333252,0.546005368232727,-0.07691556960344315,0.7524211406707764,0.4371851086616516,-0.11144620925188065,0.7937520742416382,0.3530813753604889,-0.12394286692142487,0.8296653032302856,0.2771788537502289,-0.12765207886695862,OK
0.6501253843307495,0.9181066751480103,4.525670931343484e-07,0.5452502965927124,0.8917531967163086,-0.03484097868204117,0.44506731629371643,0.8172690272331238,-0.06421364098787308,0.37379518151283264,0.7456440329551697,-0.09866064041852951,0.36808109283447266,0.6639565825462341,-0.12869900465011597,0.48728635907173157,0.5767675638198853,-0.0066658444702625275,0.4264025092124939,0.5052371621131897,-0.07120231539011002,0.40309080481529236,0.549788236618042,-0.12134203314781189,0.4078947901725769,0.6125003099441528,-0.14417560398578644,0.5419630408287048,0.5140211582183838,-0.019791504368185997,0.5085048079490662,0.34956228733062744,-0.04398190230131149,0.4914884567260742,0.24303758144378662,-0.05937563255429268,0.4833610951900482,0.15108558535575867,-0.06858337670564651,0.6143875122070312,0.5043372511863708,-0.04676160588860512,0.610732913017273,0.35136446356773376,-0.08107084035873413,0.6009411215782166,0.24772042036056519,-0.10048981755971909,0.5936293601989746,0.16216224431991577,-0.1107897236943245,0.6900665163993835,0.5447030663490295,-0.07862501591444016,0.7525119781494141,0.435851514339447,-0.1134171262383461,0.7939645051956177,0.3517034649848938,-0.12614929676055908,0.8297554850578308,0.27580446004867554,-0.1302105188369751,OK
0.6478568911552429,0.9201807975769043,4.387241006043041e-07,0.5411801338195801,0.8902249932289124,-0.03348426893353462,0.4389790892601013,0.8180487751960754,-0.061950426548719406,0.36730486154556274,0.7477654814720154,-0.09561262279748917,0.36887261271476746,0.6648962497711182,-0.12477538734674454,0.48598790168762207,0.5807737708091736,-0.006239452864974737,0.42374229431152344,0.5130152106285095,-0.06976670771837234,0.3986617922782898,0.5593571662902832,-0.11819248646497726,0.4026902914047241,0.6229701042175293,-0.139771968126297,0.5398702621459961,0.5194249153137207,-0.019434673711657524,0.5050710439682007,0.35713204741477966,-0.043344080448150635,0.48660171031951904,0.25000372529029846,-0.05746554583311081,0.47687041759490967,0.15795573592185974,-0.06547638028860092,0.6109316945075989,0.5098951458930969,-0.04624028876423836,0.6071409583091736,0.3596039414405823,-0.08065153658390045,0.5972217321395874,0.2558678090572357,-0.09862254559993744,0.5898157954216003,0.17064791917800903,-0.10735799372196198,0.6849517226219177,0.5499649047851562,-0.07778675854206085,0.7462269067764282,0.4414578676223755,-0.11336508393287659,0.7865647077560425,0.3572555184364319,-0.12548226118087769,0.8213173747062683,0.28169137239456177,-0.12844668328762054,OK
0.6468648314476013,0.9088165760040283,4.4958810008211003e-07,0.5425124764442444,0.8805423378944397,-0.03199388086795807,0.44149714708328247,0.8075684905052185,-0.05925324931740761,0.3693109154701233,0.737682044506073,-0.09160398691892624,0.36649784445762634,0.6505300402641296,-0.11947508156299591,0.4869850277900696,0.5695496797561646,-0.003689463948830962,0.4246363043785095,0.503856897354126,-0.06444427371025085,0.39883023500442505,0.5450968146324158,-0.1107889786362648,0.4024272561073303,0.6061351299285889,-0.13133704662322998,0.5408692359924316,0.508107602596283,-0.017182735726237297,0.5050048232078552,0.34572187066078186,-0.039987437427043915,0.4868454933166504,0.23899319767951965,-0.05387129262089729,0.47777143120765686,0.14789578318595886,-0.06168147176504135,0.6128138899803162,0.4983346462249756,-0.044021908193826675,0.60801762342453,0.34772029519081116,-0.0784803256392479,0.5974868535995483,0.24437761306762695,-0.09786035120487213,0.5895103812217712,0.15897586941719055,-0.10762347280979156,0.688220739364624,0.5379474759101868,-0.07525046169757843,0.7503427267074585,0.4304659366607666,-0.11103703081607819,0.7904753684997559,0.3459489345550537,-0.12473472207784653,0.824680745601654,0.26895812153816223,-0.12911519408226013,OK
0.6473398208618164,0.9204556941986084,4.1652307913864206e-07,0.5419727563858032,0.8924256563186646,-0.029863407835364342,0.4418617784976959,0.8182622790336609,-0.05548345670104027,0.3715481758117676,0.749497652053833,-0.08667348325252533,0.36953383684158325,0.6679978370666504,-0.11355503648519516,0.48805469274520874,0.5824609994888306,-0.0033578553702682257,0.42632371187210083,0.5131522417068481,-0.06315620988607407,0.40031152963638306,0.5585366487503052,-0.10869142413139343,0.4034910798072815,0.6226842403411865,-0.12869633734226227,0.5411706566810608,0.5210398435592651,-0.017319122329354286,0.5063813328742981,0.3568984270095825,-0.03891141340136528,0.48893529176712036,0.25128939747810364,-0.05130824074149132,0.4806293249130249,0.1624506711959839,-0.05820171535015106,0.6121016144752502,0.511385440826416,-0.044294461607933044,0.6083714962005615,0.3607650399208069,-0.07626973092556,0.5986886620521545,0.2594543397426605,-0.092945396900177,0.5915403366088867,0.17673039436340332,-0.10123944282531738,0.6864092946052551,0.5504676699638367,-0.07572244107723236,0.7479647397994995,0.4429002106189728,-0.10948558896780014,0.7877189517021179,0.35939735174179077,-0.12103432416915894,0.8220390677452087,0.28438758850097656,-0.12397311627864838,OK
0.6521530747413635,0.9178386926651001,4.249766902830743e-07,0.5448148846626282,0.8880646228790283,-0.03076511062681675,0.4451022148132324,0.8126996159553528,-0.05718223750591278,0.3741687536239624,0.7421069741249084,-0.08973442763090134,0.375352144241333,0.6618407964706421,-0.11807612329721451,0.4899384677410126,0.5761493444442749,0.0002823380345944315,0.4308234453201294,0.5046141743659973,-0.06196305528283119,0.4057151675224304,0.5485977530479431,-0.1107584685087204,0.40886831283569336,0.6105514168739319,-0.1326090693473816,0.5446527004241943,0.5140037536621094,-0.01363128051161766,0.5123347043991089,0.34911757707595825,-0.03555028513073921,0.4953541159629822,0.2423366904258728,-0.04914798215031624,0.4874466061592102,0.1520521640777588,-0.05699898675084114,0.6168365478515625,0.5040270090103149,-0.04127902910113335,0.6142429709434509,0.35261380672454834,-0.07305118441581726,0.6050523519515991,0.2501102089881897,-0.09020344913005829,0.5982403755187988,0.1670636236667633,-0.09865941852331161,0.6919522881507874,0.5433685779571533,-0.07376547157764435,0.7534878253936768,0.43446260690689087,-0.10616252571344376,0.7942763566970825,0.35070908069610596,-0.11699161678552628,0.8302475214004517,0.2763400077819824,-0.1194380447268486,OK
0.6501374840736389,0.917665421962738,4.650089522328926e-07,0.5442479848861694,0.8911224603652954,-0.03359278663992882,0.4442853629589081,0.8219679594039917,-0.0626702755689621,0.373920738697052,0.751718282699585,-0.09694863855838776,0.37475404143333435,0.6726587414741516,-0.1269785761833191,0.49139443039894104,0.5867254137992859,-0.0064885253086686134,0.4324371814727783,0.5168460607528687,-0.06880462914705276,0.40692710876464844,0.5573543906211853,-0.11621789634227753,0.40981048345565796,0.6187080144882202,-0.1373807191848755,0.5452378988265991,0.5251446962356567,-0.019429011270403862,0.5120278596878052,0.361156702041626,-0.04242086783051491,0.49453428387641907,0.2551782429218292,-0.05593782663345337,0.48599469661712646,0.16472867131233215,-0.06381525099277496,0.616654634475708,0.5152941942214966,-0.04582029953598976,0.6130113005638123,0.36337798833847046,-0.07924208045005798,0.6045002937316895,0.2616256773471832,-0.09702432155609131,0.5983901023864746,0.17893999814987183,-0.10605617612600327,0.691463828086853,0.5547540783882141,-0.07697370648384094,0.7529776692390442,0.44767311215400696,-0.11134026944637299,0.7934603095054626,0.3643718659877777,-0.12345610558986664,0.8285818099975586,0.28973671793937683,-0.12699086964130402,OK
0.649742841720581,0.917029619216919,4.4574457547241764e-07,0.545704185962677,0.8889617919921875,-0.03244401887059212,0.4465758204460144,0.8165266513824463,-0.060946833342313766,0.3753664195537567,0.7479786276817322,-0.0947357639670372,0.3725739121437073,0.6701067686080933,-0.12462373822927475,0.492662250995636,0.5778345465660095,-0.007492871955037117,0.43259039521217346,0.5088632106781006,-0.07026561349630356,0.4034952223300934,0.5465376377105713,-0.11861619353294373,0.4029494822025299,0.6060373783111572,-0.1406642347574234,0.5465202927589417,0.5166673064231873,-0.021444322541356087,0.512973964214325,0.3516730070114136,-0.04545930027961731,0.49621516466140747,0.2438298463821411,-0.05984760820865631,0.4893219470977783,0.15403521060943604,-0.06819506734609604,0.6178911328315735,0.5079155564308167,-0.04856782406568527,0.6153165102005005,0.35394740104675293,-0.08235488086938858,0.6072964072227478,0.25037235021591187,-0.10035980492830276,0.6012389659881592,0.16594403982162476,-0.10956880450248718,0.6927757859230042,0.5492594242095947,-0.08035701513290405,0.7550768852233887,0.4399404525756836,-0.11522361636161804,0.7970030307769775,0.3557908236980438,-0.12728725373744965,0.8330547213554382,0.2801556885242462,-0.13064847886562347,OK
0.5044751167297363,0.868507981300354,-1.9639088577605435e-07,0.3872605264186859,0.8686007857322693,-0.03301292657852173,0.2676270604133606,0.7601115703582764,-0.04106072336435318,0.20325037837028503,0.6612516641616821,-0.05065807327628136,0.15016408264636993,0.6128795742988586,-0.05691547319293022,0.3057857155799866,0.5452779531478882,-0.0246580857783556,0.2548254728317261,0.39871901273727417,-0.05517632141709328,0.22192780673503876,0.31225138902664185,-0.06736207008361816,0.19644322991371155,0.23079505562782288,-0.07932485640048981,0.3746998906135559,0.5176751017570496,-0.03264489397406578,0.3309335708618164,0.4319756031036377,-0.11952174454927444,0.3349761366844177,0.5730515122413635,-0.14002448320388794,0.3493930697441101,0.6826444268226624,-0.13243705034255981,0.4492717981338501,0.5125001668930054,-0.04613972082734108,0.4132542312145233,0.424626886844635,-0.13347871601581573,0.4039759337902069,0.5630903244018555,-0.13238976895809174,0.4057425260543823,0.6660192608833313,-0.10761482268571854,0.5256390571594238,0.52046138048172,-0.061639294028282166,0.5561252236366272,0.38542890548706055,-0.1313154697418213,0.5757961273193359,0.2936503291130066,-0.15558438003063202,0.589510440826416,0.1935533583164215,-0.16030822694301605,YO
0.4970156252384186,0.8695127964019775,-2.574048778569704e-07,0.3759823739528656,0.8727172613143921,-0.030658915638923645,0.25311028957366943,0.7627156972885132,-0.03581765666604042,0.18930526077747345,0.6618234515190125,-0.04290737584233284,0.13877235352993011,0.6095503568649292,-0.04644758626818657,0.2960319221019745,0.5398823022842407,-0.021005652844905853,0.24170221388339996,0.39024782180786133,-0.04919056221842766,0.20569708943367004,0.30235645174980164,-0.05966977775096893,0.17679473757743835,0.22212836146354675,-0.07039641588926315,0.3639630377292633,0.5137036442756653,-0.02930937148630619,0.31399011611938477,0.42980945110321045,-0.11392927169799805,0.3179934024810791,0.5728254318237305,-0.13256481289863586,0.33389437198638916,0.682563841342926,-0.12360991537570953,0.43764904141426086,0.5081965327262878,-0.04305674880743027,0.3959459662437439,0.41964778304100037,-0.12866328656673431,0.38730552792549133,0.562194287776947,-0.12525302171707153,0.39172014594078064,0.6670363545417786,-0.09881442785263062,0.513721227645874,0.5142296552658081,-0.05877448245882988,0.5418485999107361,0.37627357244491577,-0.12748970091342926,0.5602487921714783,0.28316664695739746,-0.15036217868328094,0.5739617347717285,0.18015056848526,-0.15391001105308533,YO
0.493507981300354,0.8694611191749573,-2.608065017284389e-07,0.3739055395126343,0.8724654912948608,-0.030988367274403572,0.25091680884361267,0.7627589106559753,-0.036817338317632675,0.18664129078388214,0.6618285179138184,-0.04461526498198509,0.13501831889152527,0.6099878549575806,-0.04893389716744423,0.2918347120285034,0.5383542776107788,-0.021922027692198753,0.23763136565685272,0.3897724747657776,-0.05099504813551903,0.20189858973026276,0.30208703875541687,-0.06217494606971741,0.17285628616809845,0.22216367721557617,-0.07349418103694916,0.3605697453022003,0.5122148990631104,-0.030469050630927086,0.31093868613243103,0.43163707852363586,-0.11685976386070251,0.314924031496048,0.5770599842071533,-0.13655340671539307,0.32948416471481323,0.6880449056625366,-0.12818357348442078,0.4350690245628357,0.5077354907989502,-0.044451288878917694,0.393932044506073,0.42163288593292236,-0.13166657090187073,0.38499918580055237,0.5643653273582458,-0.12889443337917328,0.387844979763031,0.6692624688148499,-0.10274351388216019,0.5113475322723389,0.5157853364944458,-0.06032451242208481,0.5402208566665649,0.377802312374115,-0.130858913064003,0.5589242577552795,0.2840929329395294,-0.15467160940170288,0.5719286203384399,0.18003830313682556,-0.1586471050977707,YO
0.5194131731987,0.8794682621955872,-1.6368205990602291e-07,0.39155974984169006,0.8851706385612488,-0.045636359602212906,0.26039761304855347,0.7836067080497742,-0.06568128615617752,0.18288320302963257,0.6854740977287292,-0.08652330189943314,0.11658352613449097,0.6234409213066101,-0.10407327115535736,0.29981616139411926,0.542229175567627,-0.04255951568484306,0.23779639601707458,0.38815736770629883,-0.0791158527135849,0.19931332767009735,0.2966085374355316,-0.0947813019156456,0.16759251058101654,0.2152807116508484,-0.10831398516893387,0.3798779845237732,0.5121627449989319,-0.04844187572598457,0.3634852468967438,0.4251328706741333,-0.14456795156002045,0.38433682918548584,0.5632877349853516,-0.16952766478061676,0.4022160470485687,0.6784539222717285,-0.16320432722568512,0.4612385630607605,0.5059412121772766,-0.060483191162347794,0.4543392062187195,0.41402268409729004,-0.15616394579410553,0.4576590061187744,0.5501311421394348,-0.15781210362911224,0.4576326608657837,0.657233715057373,-0.13293138146400452,0.5403642058372498,0.5156635046005249,-0.07505185902118683,0.5742151737213135,0.3798418641090393,-0.14834459125995636,0.5978391170501709,0.28899329900741577,-0.17129217088222504,0.6118181943893433,0.19239181280136108,-0.17337679862976074,YO
0.527552604675293,0.8891775608062744,-2.0476959150528273e-07,0.39009809494018555,0.9004452228546143,-0.04434235021471977,0.25557008385658264,0.7980043888092041,-0.06223389133810997,0.17906495928764343,0.6975562572479248,-0.08123604953289032,0.11135989427566528,0.6366727948188782,-0.0971413105726242,0.29579317569732666,0.5459915399551392,-0.04022451862692833,0.23140312731266022,0.3901974558830261,-0.07725080102682114,0.19088050723075867,0.2959359288215637,-0.09321187436580658,0.1555694341659546,0.21196579933166504,-0.10666923224925995,0.3792518675327301,0.5144606828689575,-0.0469844788312912,0.3649712800979614,0.4313965439796448,-0.14426499605178833,0.38772815465927124,0.5734703540802002,-0.16928675770759583,0.4049281179904938,0.689661979675293,-0.16241268813610077,0.4626043438911438,0.5078307390213013,-0.060134753584861755,0.45799756050109863,0.41897326707839966,-0.15809248387813568,0.464485228061676,0.5627626776695251,-0.1589253693819046,0.4643287658691406,0.6718540787696838,-0.1323847770690918,0.5440471172332764,0.5163670182228088,-0.07565002888441086,0.5783166885375977,0.37637656927108765,-0.1496322602033615,0.6022138595581055,0.2843959331512451,-0.17114189267158508,0.614709198474884,0.1840612292289734,-0.17160679399967194,YO
0.5277142524719238,0.8932589292526245,-2.1719938558817375e-07,0.3842802941799164,0.9087415933609009,-0.04538104310631752,0.2487701177597046,0.8073230385780334,-0.06325401365756989,0.17162920534610748,0.7046732902526855,-0.08247144520282745,0.10351407527923584,0.6435807943344116,-0.09842776507139206,0.29160231351852417,0.5489649772644043,-0.03640345484018326,0.2256273776292801,0.39338380098342896,-0.07395726442337036,0.18408682942390442,0.29939720034599304,-0.09117379039525986,0.14756599068641663,0.21410757303237915,-0.10537619888782501,0.376278817653656,0.5161142945289612,-0.04319881275296211,0.3613714873790741,0.4313707947731018,-0.14258287847042084,0.3875409662723541,0.5743349194526672,-0.17015326023101807,0.40680357813835144,0.6907545924186707,-0.16386884450912476,0.4601608216762543,0.507683515548706,-0.056531354784965515,0.4550725221633911,0.41900232434272766,-0.15664447844028473,0.4665476977825165,0.5646642446517944,-0.15813377499580383,0.4700029194355011,0.6741810441017151,-0.1305561512708664,0.5426724553108215,0.5141059756278992,-0.07239142060279846,0.5755670070648193,0.3745077848434448,-0.14636684954166412,0.5992963314056396,0.28294500708580017,-0.16683723032474518,0.6120885610580444,0.1828906238079071,-0.16582758724689484,YO
0.5545670390129089,0.8422329425811768,6.9750192288609014e-09,0.4340571165084839,0.8906503915786743,-0.08609046787023544,0.29812851548194885,0.834766149520874,-0.1320507675409317,0.203575998544693,0.7611116170883179,-0.1728961169719696,0.1104121208190918,0.7275393009185791,-0.2102309763431549,0.30435892939567566,0.5784416198730469,-0.09919203072786331,0.20901723206043243,0.43303507566452026,-0.15721896290779114,0.1564827561378479,0.3432163596153259,-0.183766707777977,0.11254152655601501,0.2577267289161682,-0.20138761401176453,0.382820188999176,0.5240799188613892,-0.09116605669260025,0.40210452675819397,0.4372025728225708,-0.2097795158624649,0.46255430579185486,0.5615592002868652,-0.23920589685440063,0.4953002631664276,0.6638307571411133,-0.23199614882469177,0.46069779992103577,0.49691054224967957,-0.09162761270999908,0.4849521517753601,0.4251871705055237,-0.21122853457927704,0.530510425567627,0.5577859878540039,-0.21122996509075165,0.5461623072624207,0.6565813422203064,-0.1784430593252182,0.5380284786224365,0.48401978611946106,-0.09733539819717407,0.552055835723877,0.3472047448158264,-0.17908740043640137,0.5715692043304443,0.2639714777469635,-0.19231419265270233,0.576667308807373,0.18107697367668152,-0.18392300605773926,YO
0.5474106073379517,0.84281325340271,5.269145564312794e-09,0.42924702167510986,0.8869194984436035,-0.08356747031211853,0.29199060797691345,0.8263415098190308,-0.1284748911857605,0.1985778957605362,0.7483314871788025,-0.1682213842868805,0.1066436767578125,0.7119854092597961,-0.20451922714710236,0.29569941759109497,0.5740209221839905,-0.10066325217485428,0.20431272685527802,0.4238618016242981,-0.15782952308654785,0.15275995433330536,0.3326690196990967,-0.18415197730064392,0.10842981934547424,0.24628254771232605,-0.20299717783927917,0.3741180896759033,0.51957106590271,-0.09344669431447983,0.3908522427082062,0.43274152278900146,-0.21065308153629303,0.4509676396846771,0.5643936395645142,-0.23837602138519287,0.4830491542816162,0.6680451035499573,-0.23145270347595215,0.4542292058467865,0.49247920513153076,-0.09435157477855682,0.47598719596862793,0.41496309638023376,-0.21120548248291016,0.5190372467041016,0.5513379573822021,-0.20833106338977814,0.532985270023346,0.6524902582168579,-0.17587389051914215,0.5337517261505127,0.4810424745082855,-0.10057973116636276,0.5510019063949585,0.34337472915649414,-0.18337081372737885,0.5700209736824036,0.2604047656059265,-0.19794411957263947,0.574303150177002,0.17520394921302795,-0.19159935414791107,YO
0.5434491634368896,0.8458744287490845,-1.3832856637918667e-08,0.42207181453704834,0.8901278376579285,-0.07573319226503372,0.282355934381485,0.8270564079284668,-0.11774658411741257,0.19033335149288177,0.744982123374939,-0.15624018013477325,0.09923341870307922,0.7069247364997864,-0.19119161367416382,0.28893303871154785,0.5701432228088379,-0.0912715271115303,0.1975288689136505,0.41943418979644775,-0.14629915356636047,0.14569750428199768,0.3272486925125122,-0.17158517241477966,0.10243332386016846,0.24089300632476807,-0.19030052423477173,0.3680807054042816,0.5176824927330017,-0.08806571364402771,0.3812181055545807,0.4318384528160095,-0.20490549504756927,0.44268685579299927,0.5682027339935303,-0.23209570348262787,0.47742730379104614,0.6725131869316101,-0.2245323807001114,0.449055016040802,0.4912899136543274,-0.09250149130821228,0.4666207730770111,0.41111597418785095,-0.20724432170391083,0.5089904069900513,0.5496321320533752,-0.2017565220594406,0.5246674418449402,0.6524999737739563,-0.1681262105703354,0.5300414562225342,0.4815748929977417,-0.10187898576259613,0.5486221313476562,0.34146010875701904,-0.18494638800621033,0.5700077414512634,0.25446340441703796,-0.19941160082817078,0.5767006874084473,0.16334205865859985,-0.19275037944316864,YO
0.6450859308242798,0.9166582822799683,-3.2603176691736735e-07,0.7017289400100708,0.7680799961090088,0.008635139092803001,0.7299427390098572,0.6110407114028931,0.002165131736546755,0.7227120399475098,0.4709722399711609,-0.00632426468655467,0.7140473127365112,0.36217671632766724,-0.01861255243420601,0.5926927328109741,0.5047029852867126,-0.030734514817595482,0.5138683319091797,0.33300936222076416,-0.03954078257083893,0.45661497116088867,0.22948244214057922,-0.0503685288131237,0.41267693042755127,0.15094280242919922,-0.060203056782484055,0.5162599086761475,0.5263053178787231,-0.034681178629398346,0.4562552273273468,0.5478137135505676,-0.030201207846403122,0.4807671904563904,0.6242886781692505,-0.025566812604665756,0.5104333758354187,0.659129798412323,-0.02798611670732498,0.45645976066589355,0.5969046354293823,-0.03316536918282509,0.3976927399635315,0.6218360662460327,-0.026784559711813927,0.42769888043403625,0.6834766864776611,-0.008903712034225464,0.46480610966682434,0.7139668464660645,-0.0014954714570194483,0.4026750326156616,0.6843789219856262,-0.029862865805625916,0.3195510506629944,0.5992372035980225,-0.026958348229527473,0.26714256405830383,0.5551325082778931,-0.012237586081027985,0.22682419419288635,0.5127946734428406,-1.4143487533146981e-05,YO
0.6422359347343445,0.9145208597183228,-3.3663681620055286e-07,0.7005382180213928,0.764107346534729,0.010817394591867924,0.7288868427276611,0.6051029562950134,0.007334555499255657,0.7208993434906006,0.4641968905925751,0.0015158377354964614,0.7124887108802795,0.3545805811882019,-0.007955328561365604,0.5867851376533508,0.4966689944267273,-0.020557541400194168,0.5101920366287231,0.32927796244621277,-0.023272203281521797,0.4533376395702362,0.22859716415405273,-0.03066224232316017,0.40990081429481506,0.15215641260147095,-0.03844105824828148,0.5107203722000122,0.5199673771858215,-0.024888599291443825,0.4530988931655884,0.5516993999481201,-0.01716821826994419,0.4783972203731537,0.6312003135681152,-0.014489269815385342,0.5096799731254578,0.6665399670600891,-0.018225377425551414,0.4516855776309967,0.5918653011322021,-0.02348809689283371,0.3933349847793579,0.6256917119026184,-0.01576097123324871,0.4248310923576355,0.6917983889579773,-0.00039712051511742175,0.4634246230125427,0.7224023938179016,0.005588513799011707,0.3985506296157837,0.6812455058097839,-0.0199247058480978,0.3150157630443573,0.5992140769958496,-0.014933566562831402,0.2624734342098236,0.5560792088508606,0.00047792927944101393,0.221546471118927,0.5124407410621643,0.013186678290367126,YO
0.6446739435195923,0.9137458801269531,-3.302522770809446e-07,0.7029489278793335,0.7601677775382996,0.011368063278496265,0.729493260383606,0.603556215763092,0.006062069442123175,0.7204951047897339,0.4638727903366089,-0.0015015719691291451,0.7098596096038818,0.3559551537036896,-0.012843433767557144,0.589641809463501,0.4995707869529724,-0.02870662324130535,0.5108936429023743,0.3277539312839508,-0.03546047955751419,0.4532633125782013,0.2256283164024353,-0.04367349296808243,0.408926397562027,0.14899852871894836,-0.051354169845581055,0.5107694864273071,0.5247670412063599,-0.03386504948139191,0.4562467634677887,0.5418474674224854,-0.028491536155343056,0.48140043020248413,0.61850905418396,-0.023134417831897736,0.510738730430603,0.656179666519165,-0.024809595197439194,0.4504719376564026,0.5983724594116211,-0.03306785970926285,0.39658212661743164,0.6177645325660706,-0.02743307501077652,0.4274285137653351,0.6785824298858643,-0.009535400196909904,0.4638978838920593,0.7109320759773254,-0.0016179211670532823,0.39776504039764404,0.688334047794342,-0.029924841597676277,0.3123616576194763,0.5996740460395813,-0.026552291586995125,0.2609424293041229,0.554141640663147,-0.010373425669968128,0.22162997722625732,0.5109022855758667,0.0030715130269527435,YO
0.6427276730537415,0.9145011901855469,-3.5141891885359655e-07,0.7015777230262756,0.7601101398468018,0.01399581041187048,0.72832190990448,0.6043559908866882,0.009887446649372578,0.7180448770523071,0.46423670649528503,0.003434718819335103,0.7065709233283997,0.35572391748428345,-0.007267509587109089,0.5901027917861938,0.5002844929695129,-0.027560042217373848,0.5083745718002319,0.32823485136032104,-0.03268621861934662,0.45099928975105286,0.22575190663337708,-0.040763504803180695,0.40751418471336365,0.14867496490478516,-0.048600222915410995,0.5119779706001282,0.5254814624786377,-0.032880764454603195,0.4550952911376953,0.5399118661880493,-0.023885827511548996,0.479373574256897,0.6172486543655396,-0.017308754846453667,0.5084682703018188,0.6577698588371277,-0.01917131617665291,0.4515758156776428,0.5987405776977539,-0.03192286193370819,0.39546823501586914,0.6171901822090149,-0.021681394428014755,0.42623236775398254,0.679148256778717,-0.0031734027434140444,0.4625714123249054,0.7134791612625122,0.003553163493052125,0.3981269299983978,0.6887235045433044,-0.0285026952624321,0.312497079372406,0.5999889373779297,-0.021999841555953026,0.26102837920188904,0.5546172857284546,-0.005546073894947767,0.22098225355148315,0.5117795467376709,0.007081157062202692,YO
0.7022920250892639,0.8811867237091064,-8.954547325856765e-09,0.565161943435669,0.8827348947525024,-0.0548931248486042,0.4248162806034088,0.7966970205307007,-0.08394553512334824,0.33058643341064453,0.7165335416793823,-0.11439525336027145,0.2602611482143402,0.6594709157943726,-0.14045722782611847,0.4560076594352722,0.5250128507614136,-0.03572588041424751,0.38695287704467773,0.36739569902420044,-0.07393579185009003,0.346638023853302,0.27652958035469055,-0.09052986651659012,0.31596386432647705,0.1899317502975464,-0.1040225699543953,0.53640216588974,0.4850330352783203,-0.041025929152965546,0.5129156112670898,0.36437782645225525,-0.1416025459766388,0.5448368787765503,0.505426287651062,-0.16953065991401672,0.5722751617431641,0.6221779584884644,-0.16177259385585785,0.6230316758155823,0.4699988067150116,-0.0538422167301178,0.6080541014671326,0.3533667027950287,-0.1561533361673355,0.6276608109474182,0.4944824278354645,-0.1588473618030548,0.6422617435455322,0.6036894917488098,-0.13010761141777039,0.7103449106216431,0.4738791286945343,-0.06978622823953629,0.7347079515457153,0.3253818154335022,-0.1421336531639099,0.7559217810630798,0.232042133808136,-0.1614447683095932,0.7677505016326904,0.13306820392608643,-0.1594068557024002,YO
0.9849728345870972,0.6300262212753296,3.8470315644190123e-07,0.8525446057319641,0.5802456736564636,0.007625680882483721,0.7259321212768555,0.5895805358886719,-0.009687458164989948,0.6287110447883606,0.6629489064216614,-0.033460989594459534,0.572040319442749,0.7383942604064941,-0.0600120946764946,0.6535337567329407,0.5024534463882446,-0.04052211716771126,0.5484652519226074,0.41006943583488464,-0.09501353651285172,0.4637369215488434,0.4150756001472473,-0.12338464707136154,0.399691641330719,0.44805198907852173,-0.13820776343345642,0.6862878799438477,0.5537493228912354,-0.07244647294282913,0.5268332362174988,0.7315252423286438,-0.13120625913143158,0.4483422040939331,0.861769437789917,-0.14979667961597443,0.3889835476875305,0.9548548460006714,-0.15667115151882172,0.7417103052139282,0.6370784044265747,-0.10286058485507965,0.6626559495925903,0.8659639358520508,-0.1658896654844284,0.7220763564109802,0.8650543689727783,-0.15605589747428894,0.7625265121459961,0.8145737648010254,-0.1324872076511383,0.8005658388137817,0.7317883372306824,-0.13107192516326904,0.7470302581787109,0.9052764177322388,-0.17442293465137482,0.792816698551178,0.8955347537994385,-0.15874847769737244,0.8215361833572388,0.8400670289993286,-0.1345873922109604,LOVE
0.9915110468864441,0.628688633441925,3.7171628264331957e-07,0.858346164226532,0.5797367095947266,0.010413001291453838,0.733584463596344,0.5917475819587708,-0.005661834962666035,0.6373011469841003,0.6669644117355347,-0.027924563735723495,0.5775105357170105,0.7388567924499512,-0.052961189299821854,0.6619594693183899,0.5108602643013,-0.04364355280995369,0.5499615669250488,0.4102722704410553,-0.09975503385066986,0.46057218313217163,0.41639965772628784,-0.12823735177516937,0.39363008737564087,0.45332950353622437,-0.14265957474708557,0.692162811756134,0.5608600974082947,-0.07588928937911987,0.5223278403282166,0.7359322905540466,-0.1342925876379013,0.4442090690135956,0.866234302520752,-0.15061958134174347,0.3860917091369629,0.9585072994232178,-0.15552249550819397,0.7456404566764832,0.643027663230896,-0.10606119781732559,0.6619516015052795,0.8715522885322571,-0.16701990365982056,0.7207198739051819,0.8715600967407227,-0.15452218055725098,0.7608930468559265,0.8211596608161926,-0.12930446863174438,0.8032073378562927,0.7361962795257568,-0.13390451669692993,0.7465901970863342,0.9100701212882996,-0.175324946641922,0.7922084927558899,0.9030168652534485,-0.1577129065990448,0.8206526041030884,0.8487815856933594,-0.13198886811733246,LOVE
0.9902099370956421,0.6339445114135742,3.523917371239804e-07,0.8556383848190308,0.5860239267349243,0.012127582915127277,0.7318834066390991,0.5972026586532593,-0.004306173883378506,0.6406170725822449,0.6735591888427734,-0.02726622112095356,0.5852993726730347,0.7503901720046997,-0.05329395458102226,0.6596821546554565,0.5150344371795654,-0.04501780867576599,0.5492575764656067,0.41323915123939514,-0.1004924550652504,0.4618304669857025,0.4243081212043762,-0.12884099781513214,0.39720141887664795,0.4659419059753418,-0.1432768702507019,0.6920163035392761,0.5664110779762268,-0.07850522547960281,0.5232099890708923,0.7422553300857544,-0.1357177346944809,0.44455140829086304,0.8722108602523804,-0.15263669192790985,0.38554731011390686,0.9659661054611206,-0.15890264511108398,0.7467674612998962,0.6487875580787659,-0.10936800390481949,0.6641532182693481,0.8747007846832275,-0.16784721612930298,0.7228183150291443,0.8718091249465942,-0.15519583225250244,0.7623326778411865,0.8214541673660278,-0.13123084604740143,0.8044899702072144,0.7418540120124817,-0.13778221607208252,0.747501015663147,0.9134845733642578,-0.17701521515846252,0.7929533123970032,0.9041311740875244,-0.15810415148735046,0.8212937712669373,0.8501058220863342,-0.1323247253894806,LOVE
0.9871406555175781,0.6425358653068542,3.962150003644638e-07,0.8516767024993896,0.593626081943512,0.00906813982874155,0.7255401611328125,0.6052359342575073,-0.007996847853064537,0.6265910267829895,0.6780027747154236,-0.03168751299381256,0.5662700533866882,0.744155764579773,-0.05807466432452202,0.6587193012237549,0.5200577974319458,-0.042128682136535645,0.5486544370651245,0.4271608591079712,-0.09799700975418091,0.46288740634918213,0.4323731064796448,-0.12622059881687164,0.39780759811401367,0.4670972228050232,-0.14035989344120026,0.6905171871185303,0.5699930191040039,-0.07413621246814728,0.5282580852508545,0.7447034120559692,-0.13444659113883972,0.45082855224609375,0.8711721301078796,-0.152496799826622,0.3931221067905426,0.9621415138244629,-0.15843047201633453,0.744981050491333,0.6517603397369385,-0.10440047830343246,0.6647132039070129,0.8769325613975525,-0.16767585277557373,0.7246122360229492,0.8747456073760986,-0.15645594894886017,0.7654839158058167,0.8247833847999573,-0.13141249120235443,0.8026295900344849,0.7451494932174683,-0.13227427005767822,0.7454082369804382,0.9152337312698364,-0.17496174573898315,0.7901980876922607,0.9064025282859802,-0.15842947363853455,0.8186043500900269,0.8529300093650818,-0.13332943618297577,LOVE
0.9890783429145813,0.6541556715965271,3.819914411451464e-07,0.8569825887680054,0.6060011982917786,0.011254575103521347,0.7323650121688843,0.613146185874939,-0.004398926626890898,0.6358577609062195,0.6829459071159363,-0.027252426370978355,0.5784655809402466,0.7534321546554565,-0.05271909758448601,0.6614860892295837,0.5279302597045898,-0.03851643204689026,0.5493095517158508,0.4385082721710205,-0.0927906185388565,0.46405020356178284,0.4425346851348877,-0.12003389745950699,0.400502473115921,0.47539520263671875,-0.1335795670747757,0.6926133632659912,0.5779811143875122,-0.07170762121677399,0.5273672938346863,0.7518093585968018,-0.13061878085136414,0.4502459466457367,0.8777461051940918,-0.14831092953681946,0.3933129608631134,0.967792272567749,-0.15369515120983124,0.7467620372772217,0.6601100564002991,-0.1030375063419342,0.6655294299125671,0.8824868202209473,-0.16462624073028564,0.7260740995407104,0.8817145824432373,-0.15320728719234467,0.767188549041748,0.8330143690109253,-0.12831535935401917,0.8044905662536621,0.753469705581665,-0.13198380172252655,0.7499217391014099,0.9211214780807495,-0.17368756234645844,0.7952319383621216,0.9122776985168457,-0.15713834762573242,0.8231030702590942,0.8586981296539307,-0.13219475746154785,LOVE
0.9910943508148193,0.6518441438674927,3.2895295021262427e-07,0.8582325577735901,0.6056964993476868,0.012356126680970192,0.7337314486503601,0.6153155565261841,-0.001629663398489356,0.6366990804672241,0.6852703094482422,-0.022249650210142136,0.5756561756134033,0.7494881749153137,-0.04547448083758354,0.6624513864517212,0.5319234728813171,-0.03875065967440605,0.5541591644287109,0.4318365752696991,-0.09319643676280975,0.4653477370738983,0.43944624066352844,-0.12099587172269821,0.4005858600139618,0.4782368540763855,-0.1348920613527298,0.6945348978042603,0.5800567269325256,-0.07140898704528809,0.5296358466148376,0.7533193826675415,-0.12814366817474365,0.450094610452652,0.8786664009094238,-0.1448596715927124,0.3909887671470642,0.9680479764938354,-0.15058980882167816,0.7489226460456848,0.6601409316062927,-0.10207617282867432,0.6665918827056885,0.8855098485946655,-0.16161338984966278,0.7223660349845886,0.886033296585083,-0.15014736354351044,0.7610167264938354,0.8374776244163513,-0.12621161341667175,0.8067036271095276,0.7515379190444946,-0.13029631972312927,0.7504119873046875,0.9241918325424194,-0.17123515903949738,0.7941319942474365,0.9174069762229919,-0.1548004299402237,0.8218070268630981,0.8642510771751404,-0.1301976591348648,LOVE
0.9930527806282043,0.6538022756576538,3.3256230835831957e-07,0.8592625856399536,0.6080980896949768,0.012926596216857433,0.7349165081977844,0.6155925989151001,-0.0007997590582817793,0.6357179880142212,0.682543158531189,-0.021879931911826134,0.5750740766525269,0.7447409629821777,-0.04568219557404518,0.6654535531997681,0.5333021879196167,-0.036152854561805725,0.5572007894515991,0.4387042224407196,-0.09092121571302414,0.47067081928253174,0.4421297609806061,-0.11887985467910767,0.4072205126285553,0.476131796836853,-0.13267745077610016,0.6960093975067139,0.5808104872703552,-0.06879882514476776,0.5326946973800659,0.7531026005744934,-0.1267879605293274,0.45384812355041504,0.8771033883094788,-0.14401967823505402,0.39533311128616333,0.9660888910293579,-0.14949318766593933,0.7496467232704163,0.6600449085235596,-0.09965261816978455,0.6678218841552734,0.8836919069290161,-0.16007111966609955,0.724503755569458,0.885144829750061,-0.1490630954504013,0.7632800340652466,0.8384693264961243,-0.12496878206729889,0.8072740435600281,0.7516794800758362,-0.12810251116752625,0.7529078125953674,0.9207855463027954,-0.16892489790916443,0.7962133288383484,0.9136600494384766,-0.15304972231388092,0.8231571316719055,0.8616239428520203,-0.12879404425621033,LOVE
0.9869083762168884,0.6507846117019653,3.682364138057892e-07,0.8563612699508667,0.6004524827003479,0.01018952764570713,0.7326403260231018,0.6082295179367065,-0.006154073867946863,0.6368951201438904,0.6816604137420654,-0.029395639896392822,0.5822938084602356,0.7562745213508606,-0.055526286363601685,0.6574273109436035,0.5236872434616089,-0.04054759070277214,0.546161413192749,0.4352680742740631,-0.09529197961091995,0.46189141273498535,0.43998539447784424,-0.12268730998039246,0.39820051193237305,0.47279712557792664,-0.13596440851688385,0.6879764795303345,0.5759812593460083,-0.07242782413959503,0.5262135863304138,0.7534088492393494,-0.13108348846435547,0.4511737823486328,0.8799272775650024,-0.14818577468395233,0.3947989046573639,0.9692256450653076,-0.15298713743686676,0.7416709661483765,0.6580225229263306,-0.10237850248813629,0.6661205887794495,0.881109356880188,-0.16395998001098633,0.7259876728057861,0.8788943290710449,-0.15383607149124146,0.7657263278961182,0.8295469284057617,-0.12955904006958008,0.7991152405738831,0.7499447464942932,-0.12992484867572784,0.7480177879333496,0.9161967039108276,-0.1711171567440033,0.7942399382591248,0.9083370566368103,-0.15491507947444916,0.8225206732749939,0.8565769791603088,-0.12999342381954193,LOVE
0.9859532713890076,0.6428502798080444,3.600104605538945e-07,0.8541529178619385,0.5956057906150818,0.010410947725176811,0.7282393574714661,0.6035975813865662,-0.005026594270020723,0.6288793087005615,0.6737087368965149,-0.027460794895887375,0.5701407194137573,0.7427181601524353,-0.05248596891760826,0.6542541980743408,0.5154669284820557,-0.036826811730861664,0.5456742644309998,0.42457765340805054,-0.09114079177379608,0.45862123370170593,0.42854321002960205,-0.11909358203411102,0.3929651975631714,0.4620029926300049,-0.1333809494972229,0.6853619813919067,0.5649107694625854,-0.07002856582403183,0.5231932401657104,0.7404835224151611,-0.1285410374403,0.44574233889579773,0.8668295741081238,-0.1464330554008484,0.38726940751075745,0.9563199281692505,-0.15219667553901672,0.7402650713920593,0.647016704082489,-0.10162107646465302,0.6621519327163696,0.874215841293335,-0.16414615511894226,0.7213550806045532,0.873520016670227,-0.1536160558462143,0.7605646848678589,0.8233318328857422,-0.12920670211315155,0.7994199395179749,0.7414051294326782,-0.13092269003391266,0.7461636662483215,0.9131228923797607,-0.17395295202732086,0.7921028137207031,0.904404878616333,-0.15790238976478577,0.8202798962593079,0.8501230478286743,-0.1330815851688385,LOVE
0.9891147613525391,0.6440500020980835,3.8371396726688545e-07,0.8556386828422546,0.595149040222168,0.009254169650375843,0.728807806968689,0.6038925647735596,-0.006703703198581934,0.6310508847236633,0.676132321357727,-0.02940399944782257,0.5751579403877258,0.7498478889465332,-0.05477581545710564,0.6576550006866455,0.5172404646873474,-0.039226070046424866,0.5479196906089783,0.4256470799446106,-0.09563367068767548,0.4611126780509949,0.4318605363368988,-0.12440445274114609,0.3953069746494293,0.46734243631362915,-0.13871437311172485,0.6882968544960022,0.5676769018173218,-0.07172621786594391,0.5231009721755981,0.7439521551132202,-0.13291437923908234,0.44723689556121826,0.8712590336799622,-0.15102659165859222,0.390913188457489,0.9608204364776611,-0.15584473311901093,0.7425522208213806,0.6496248245239258,-0.10268072038888931,0.66411954164505,0.8769088983535767,-0.1673932820558548,0.7254678010940552,0.8755806684494019,-0.15701957046985626,0.7660675644874573,0.8248567581176758,-0.13140994310379028,0.801000714302063,0.7428002953529358,-0.13125921785831451,0.7465393543243408,0.9137428998947144,-0.1743844449520111,0.7934610247612,0.9046002626419067,-0.15760833024978638,0.8223642706871033,0.8496258854866028,-0.13173456490039825,LOVE
0.991333544254303,0.6336711049079895,3.644165360583429e-07,0.8583511710166931,0.5828770995140076,0.01127011701464653,0.7330450415611267,0.5924966335296631,-0.005254451651126146,0.6359473466873169,0.6654596924781799,-0.028743484988808632,0.580019474029541,0.7406491041183472,-0.05553670972585678,0.6606511473655701,0.5083567500114441,-0.04207164794206619,0.5496959686279297,0.41890624165534973,-0.09887770563364029,0.461067795753479,0.42278578877449036,-0.1283630132675171,0.3946808874607086,0.45683419704437256,-0.14329947531223297,0.6919710040092468,0.5595155954360962,-0.07602196931838989,0.5252049565315247,0.7354548573493958,-0.13569945096969604,0.4470756947994232,0.8631901144981384,-0.15328526496887207,0.38873860239982605,0.9540590047836304,-0.1587114930152893,0.7469425201416016,0.6430494785308838,-0.10801390558481216,0.6634696125984192,0.8699430227279663,-0.17111171782016754,0.7231906652450562,0.8683949112892151,-0.1599985659122467,0.763213038444519,0.816332221031189,-0.13501814007759094,0.8064433336257935,0.7379381656646729,-0.13744279742240906,0.7483451962471008,0.9109650254249573,-0.18062563240528107,0.7943670749664307,0.9006931185722351,-0.1635192632675171,0.8232571482658386,0.8445911407470703,-0.13780871033668518,LOVE
0.9934811592102051,0.6392743587493896,3.588366155327094e-07,0.8563862442970276,0.5922964215278625,0.007567444816231728,0.7272090911865234,0.6027023792266846,-0.01006983034312725,0.6245582699775696,0.6732425093650818,-0.033869896084070206,0.5617345571517944,0.7394315004348755,-0.06053304299712181,0.6612699031829834,0.5128756165504456,-0.043037209659814835,0.5536608695983887,0.41899824142456055,-0.09990456700325012,0.4661199450492859,0.42591628432273865,-0.12947680056095123,0.39954543113708496,0.46142080426216125,-0.14492833614349365,0.6950361132621765,0.5606693029403687,-0.07487998157739639,0.5321981310844421,0.739814817905426,-0.13603007793426514,0.4540146589279175,0.8698404431343079,-0.15441103279590607,0.39566048979759216,0.9619160890579224,-0.16087044775485992,0.7509576678276062,0.64234459400177,-0.10519333928823471,0.6666271090507507,0.8730140924453735,-0.17028318345546722,0.7268968224525452,0.8723381757736206,-0.15853363275527954,0.769145667552948,0.8221899271011353,-0.1330145001411438,0.809830904006958,0.7374869585037231,-0.13321590423583984,0.7511689066886902,0.9121150374412537,-0.1780218482017517,0.7967507839202881,0.9028637409210205,-0.16155405342578888,0.8261875510215759,0.8475629091262817,-0.13628491759300232,LOVE
1.0011948347091675,0.6382401585578918,3.7734218949481146e-07,0.8677107095718384,0.591523289680481,0.00840806681662798,0.7399539351463318,0.5997148156166077,-0.008710715919733047,0.6405163407325745,0.673645555973053,-0.03253164514899254,0.5804720520973206,0.7427712082862854,-0.05917289853096008,0.6681246161460876,0.5117258429527283,-0.040062855929136276,0.5590637922286987,0.4148993194103241,-0.0963442400097847,0.4704250693321228,0.41919851303100586,-0.12559443712234497,0.40379178524017334,0.4550909996032715,-0.140716090798378,0.7002385854721069,0.560307502746582,-0.07308821380138397,0.5331674218177795,0.7376257181167603,-0.13408373296260834,0.45443132519721985,0.8693199753761292,-0.15307234227657318,0.39589568972587585,0.9643590450286865,-0.15918198227882385,0.7562220096588135,0.6426102519035339,-0.10460412502288818,0.6703226566314697,0.8725560903549194,-0.17076489329338074,0.7302066683769226,0.8737057447433472,-0.15990157425403595,0.7715499401092529,0.8250176906585693,-0.13407976925373077,0.8158167600631714,0.737472414970398,-0.1336842179298401,0.754440188407898,0.9125624895095825,-0.17950211465358734,0.799879789352417,0.9056999683380127,-0.16278304159641266,0.8299957513809204,0.8519003987312317,-0.13664913177490234,LOVE
1.003358244895935,0.6371279954910278,3.098859053807246e-07,0.8657850027084351,0.5932523012161255,0.008653858676552773,0.7342948913574219,0.6042779088020325,-0.0066108088940382,0.6290192604064941,0.6738914847373962,-0.02850351110100746,0.5616863965988159,0.7292889952659607,-0.05303701385855675,0.6686144471168518,0.5146737098693848,-0.03635450825095177,0.5636355876922607,0.41485437750816345,-0.0923672467470169,0.47531837224960327,0.4223117232322693,-0.12143739312887192,0.40986958146095276,0.4608634114265442,-0.13645941019058228,0.7014704942703247,0.5613378882408142,-0.0688808411359787,0.5359536409378052,0.7418644428253174,-0.1286599040031433,0.4568444490432739,0.8721036314964294,-0.14669634401798248,0.3969824016094208,0.9649840593338013,-0.1527470499277115,0.7586503624916077,0.6419652700424194,-0.1003401130437851,0.6748007535934448,0.8745146989822388,-0.16550524532794952,0.7332838773727417,0.875557005405426,-0.15450838208198547,0.7740397453308105,0.8259556889533997,-0.12913444638252258,0.81965172290802,0.7367932796478271,-0.12947967648506165,0.7597339749336243,0.9160955548286438,-0.17528057098388672,0.8041516542434692,0.909441351890564,-0.15937665104866028,0.8338683843612671,0.854767918586731,-0.1339723765850067,LOVE
-0.11279810965061188,0.47857964038848877,1.6101067785712075e-06,0.015492349863052368,0.43016451597213745,0.04383651167154312,0.14223283529281616,0.4330727458000183,0.03022434003651142,0.21726436913013458,0.402438223361969,0.00035241327714174986,0.24802996218204498,0.3421863317489624,-0.02964995615184307,0.26485612988471985,0.4131740629673004,-0.04161159321665764,0.3977592885494232,0.3544882535934448,-0.10788322240114212,0.4831874370574951,0.40373677015304565,-0.14596065878868103,0.5435969829559326,0.47197702527046204,-0.1668248027563095,0.22913658618927002,0.4533889889717102,-0.10033145546913147,0.3833199143409729,0.6752315163612366,-0.17126192152500153,0.46196162700653076,0.803644061088562,-0.19705399870872498,0.526262104511261,0.8983526825904846,-0.20763729512691498,0.16463902592658997,0.5121002793312073,-0.1539677530527115,0.20913757383823395,0.7994914650917053,-0.2112933248281479,0.14455406367778778,0.7818848490715027,-0.19391761720180511,0.1202903464436531,0.717388391494751,-0.17037394642829895,0.08855652064085007,0.584714949131012,-0.20491690933704376,0.11757288128137589,0.8126116394996643,-0.23210665583610535,0.06977570056915283,0.7836593389511108,-0.20528478920459747,0.05214013159275055,0.7066671252250671,-0.1791839599609375,LOVE
-0.1119251400232315,0.4842907786369324,1.6686168464730144e-06,0.020339995622634888,0.438221275806427,0.03868457302451134,0.15157389640808105,0.447488009929657,0.0259264949709177,0.22875455021858215,0.4313012659549713,-0.001729651470668614,0.26069334149360657,0.3877757489681244,-0.028272902593016624,0.27243107557296753,0.4122545123100281,-0.03999898582696915,0.4028838276863098,0.35382258892059326,-0.10611604899168015,0.4897986054420471,0.4076859951019287,-0.14610148966312408,0.5491288304328918,0.48149678111076355,-0.16832923889160156,0.23620009422302246,0.4550861418247223,-0.09503089636564255,0.38703393936157227,0.6810712814331055,-0.16470478475093842,0.469690203666687,0.811170220375061,-0.19353410601615906,0.5346164703369141,0.9081032872200012,-0.20683448016643524,0.1707254946231842,0.5148900747299194,-0.14550364017486572,0.21604347229003906,0.8029736280441284,-0.19927816092967987,0.15271079540252686,0.7838113307952881,-0.1833154708147049,0.12768404185771942,0.718503475189209,-0.16157586872577667,0.09408781677484512,0.5889114141464233,-0.194314643740654,0.12206864356994629,0.815829873085022,-0.21984407305717468,0.07616224884986877,0.7879863977432251,-0.19450509548187256,0.05801612138748169,0.7126423716545105,-0.16926312446594238,LOVE
-0.10568849742412567,0.47248587012290955,1.684861217654543e-06,0.02654692530632019,0.4280151128768921,0.03797774761915207,0.15834400057792664,0.44089511036872864,0.02362854592502117,0.2376643419265747,0.4326102137565613,-0.005762985907495022,0.27170634269714355,0.3976764678955078,-0.03398805484175682,0.27768316864967346,0.4067026972770691,-0.04386071488261223,0.4102301597595215,0.34590134024620056,-0.1123000755906105,0.4969838261604309,0.4002484083175659,-0.15259145200252533,0.5556508898735046,0.4748629033565521,-0.17425017058849335,0.2417689561843872,0.45026230812072754,-0.0988222137093544,0.3954845666885376,0.676240861415863,-0.17089146375656128,0.4764941334724426,0.8062487840652466,-0.19871190190315247,0.5390572547912598,0.9024463891983032,-0.21019452810287476,0.17659862339496613,0.5102354884147644,-0.14922970533370972,0.22105161845684052,0.7981915473937988,-0.20496761798858643,0.15705673396587372,0.7776994705200195,-0.187689408659935,0.132207989692688,0.7107966542243958,-0.16401006281375885,0.1000705286860466,0.5839301347732544,-0.19794093072414398,0.12826007604599,0.8136587738990784,-0.22318130731582642,0.08087930828332901,0.7839913368225098,-0.1961960643529892,0.06164729595184326,0.7055602073669434,-0.1692858189344406,LOVE
-0.10784871876239777,0.4744412899017334,1.6609735666861525e-06,0.025913983583450317,0.4337530732154846,0.03535143658518791,0.15914247930049896,0.45392608642578125,0.019441017881035805,0.24101467430591583,0.4595373272895813,-0.011332378722727299,0.27890923619270325,0.436400443315506,-0.04148045554757118,0.2706114649772644,0.407461941242218,-0.04552258551120758,0.4025688171386719,0.3487916588783264,-0.11330711841583252,0.4900916814804077,0.40209725499153137,-0.1520019918680191,0.5494788885116577,0.4758523106575012,-0.17206983268260956,0.23392674326896667,0.44677436351776123,-0.09960402548313141,0.3881392478942871,0.6722728610038757,-0.16762155294418335,0.46571213006973267,0.7965195178985596,-0.19124431908130646,0.5268129706382751,0.8873354196548462,-0.200088769197464,0.1686282753944397,0.5041882395744324,-0.1498071849346161,0.2174006700515747,0.799033522605896,-0.2065666913986206,0.15117931365966797,0.7795246243476868,-0.19029207527637482,0.12368781119585037,0.713121771812439,-0.16681332886219025,0.09115579724311829,0.5777231454849243,-0.19816255569458008,0.12229859083890915,0.8064557313919067,-0.22423161566257477,0.07597129046916962,0.7786859273910522,-0.1973000466823578,0.056930750608444214,0.7024219036102295,-0.17043426632881165,LOVE
-0.10938975214958191,0.45748698711395264,1.6343765310011804e-06,0.023033738136291504,0.4190164804458618,0.0423709973692894,0.15169084072113037,0.43946847319602966,0.02949048951268196,0.22970396280288696,0.4375382661819458,0.0010489469859749079,0.265383243560791,0.4083681106567383,-0.026613080874085426,0.2683494985103607,0.40687617659568787,-0.04197132587432861,0.4008351266384125,0.3447834253311157,-0.11069151014089584,0.488709956407547,0.3997722268104553,-0.15119141340255737,0.5482256412506104,0.47519075870513916,-0.1728641241788864,0.2329043596982956,0.44832324981689453,-0.0987313762307167,0.38812801241874695,0.6770293116569519,-0.17013169825077057,0.46762123703956604,0.8020464777946472,-0.19607341289520264,0.5293983221054077,0.8922854661941528,-0.20629146695137024,0.16763275861740112,0.5074790716171265,-0.15054179728031158,0.21330617368221283,0.8018356561660767,-0.20646336674690247,0.1509370058774948,0.7770676612854004,-0.18796826899051666,0.1258414089679718,0.7072263956069946,-0.16331073641777039,0.09009324759244919,0.5811080932617188,-0.20011986792087555,0.11850744485855103,0.8113883137702942,-0.22655269503593445,0.07322780787944794,0.7778081297874451,-0.19901522994041443,0.05450053513050079,0.6980007886886597,-0.171291321516037,LOVE
-0.1200130432844162,0.4608951807022095,1.7011146837830893e-06,0.01565834879875183,0.42477482557296753,0.036166563630104065,0.15031647682189941,0.452486515045166,0.02069247141480446,0.23605163395404816,0.47428178787231445,-0.009812315925955772,0.28138843178749084,0.46799206733703613,-0.03901800513267517,0.2643676996231079,0.40392935276031494,-0.04359417408704758,0.39892005920410156,0.34298551082611084,-0.11194731295108795,0.4865909814834595,0.4001319408416748,-0.15120713412761688,0.5463381409645081,0.47543415427207947,-0.17208744585514069,0.23147334158420563,0.4436480402946472,-0.098516546189785,0.38542109727859497,0.67313551902771,-0.17048896849155426,0.4650360941886902,0.802666187286377,-0.1981181800365448,0.5273163914680481,0.8946605324745178,-0.2092326432466507,0.16670672595500946,0.5023975968360901,-0.14924314618110657,0.20496045053005219,0.8008451461791992,-0.20686748623847961,0.14055946469306946,0.7879098653793335,-0.19090119004249573,0.11433908343315125,0.7238622903823853,-0.16758112609386444,0.08927199989557266,0.5755999088287354,-0.19842125475406647,0.11229916661977768,0.8074222803115845,-0.22586970031261444,0.06529252231121063,0.7807523608207703,-0.19978313148021698,0.04711747169494629,0.7030918598175049,-0.17294195294380188,LOVE
-0.13451111316680908,0.47377490997314453,1.6594940461800434e-06,0.000736430287361145,0.4294407367706299,0.042722661048173904,0.1335447132587433,0.44767796993255615,0.027328766882419586,0.22269143164157867,0.45099392533302307,-0.004696209914982319,0.26780474185943604,0.4179600477218628,-0.03591177612543106,0.25531455874443054,0.4038380980491638,-0.04088401049375534,0.3862341642379761,0.3387264907360077,-0.1107180267572403,0.4734683036804199,0.39016300439834595,-0.15127815306186676,0.5361835956573486,0.46252110600471497,-0.1729895919561386,0.22041575610637665,0.44078901410102844,-0.10008614510297775,0.37602660059928894,0.6640217304229736,-0.1711914986371994,0.4548662304878235,0.7878312468528748,-0.19654075801372528,0.5186436176300049,0.8782523274421692,-0.20648586750030518,0.1546325385570526,0.4977909326553345,-0.15482807159423828,0.20010867714881897,0.7941930294036865,-0.2127290815114975,0.13036063313484192,0.7766768932342529,-0.19298392534255981,0.10229159146547318,0.7113459706306458,-0.16701054573059082,0.07816365361213684,0.5704447031021118,-0.20747919380664825,0.10540894418954849,0.803493082523346,-0.23390083014965057,0.054253146052360535,0.7746761441230774,-0.20514410734176636,0.035003677010536194,0.6950624585151672,-0.17663834989070892,LOVE
-0.13333618640899658,0.4665345847606659,1.7172623074657167e-06,0.0028874874114990234,0.42709875106811523,0.043674688786268234,0.13544774055480957,0.43986862897872925,0.027813276275992393,0.22430968284606934,0.4349842071533203,-0.004131520166993141,0.2710186243057251,0.3998388648033142,-0.034534696489572525,0.2556852102279663,0.39737170934677124,-0.04685834422707558,0.3887336850166321,0.33626991510391235,-0.11852703243494034,0.47723203897476196,0.3893449306488037,-0.1583285629749298,0.538676381111145,0.4638884365558624,-0.17930738627910614,0.21887372434139252,0.4343796968460083,-0.10607445240020752,0.37754952907562256,0.6632668972015381,-0.18474619090557098,0.45645609498023987,0.7947252988815308,-0.2126465141773224,0.5200578570365906,0.890306830406189,-0.2228647917509079,0.15231925249099731,0.49381494522094727,-0.15958750247955322,0.19925948977470398,0.7945900559425354,-0.22203293442726135,0.12820714712142944,0.784584641456604,-0.20032018423080444,0.09937483817338943,0.722042441368103,-0.17152808606624603,0.07522634416818619,0.5684137344360352,-0.2105945199728012,0.10261569172143936,0.8032381534576416,-0.2388976663351059,0.05150000751018524,0.7789864540100098,-0.20813244581222534,0.03305962681770325,0.7014583349227905,-0.17730486392974854,LOVE
-0.12982720136642456,0.4736209511756897,1.8065593394567259e-06,0.0127030611038208,0.43942850828170776,0.03157131001353264,0.15374693274497986,0.4747600257396698,0.010144403204321861,0.24791038036346436,0.5212796926498413,-0.024323102086782455,0.3082745671272278,0.5448612570762634,-0.05561738833785057,0.2533101439476013,0.4076080322265625,-0.065637968480587,0.3847472071647644,0.3439730405807495,-0.1413484811782837,0.4719341993331909,0.39784830808639526,-0.18430596590042114,0.5337635278701782,0.4765341877937317,-0.20766864717006683,0.21521344780921936,0.4467318654060364,-0.11982793360948563,0.37102121114730835,0.6695731282234192,-0.20393311977386475,0.45382142066955566,0.7977674603462219,-0.236952543258667,0.5152968168258667,0.8958566188812256,-0.2516743242740631,0.1476489007472992,0.5045180916786194,-0.16807927191257477,0.19511830806732178,0.8014333248138428,-0.2328416407108307,0.12771375477313995,0.7843531370162964,-0.21196216344833374,0.09840366989374161,0.7185288071632385,-0.18484775722026825,0.07140611112117767,0.5768001675605774,-0.21491239964962006,0.10242441296577454,0.813736081123352,-0.24580295383930206,0.05249109864234924,0.7849318385124207,-0.2158837765455246,0.03284689784049988,0.7019698619842529,-0.18574754893779755,LOVE
-0.1319797784090042,0.4693942666053772,1.665851073084923e-06,0.008552789688110352,0.43073293566703796,0.046175047755241394,0.14206388592720032,0.45581358671188354,0.03295530751347542,0.23136383295059204,0.4725240170955658,0.0036722721997648478,0.2835161089897156,0.4586452543735504,-0.023849550634622574,0.24984216690063477,0.41228288412094116,-0.04693809524178505,0.3860189914703369,0.34821873903274536,-0.11710761487483978,0.4725615978240967,0.40277087688446045,-0.15411269664764404,0.5323029160499573,0.479507714509964,-0.17207974195480347,0.21704012155532837,0.44993746280670166,-0.10578291118144989,0.37741321325302124,0.673385500907898,-0.18316631019115448,0.4585718512535095,0.8017861247062683,-0.21027424931526184,0.5201114416122437,0.8947271108627319,-0.21930330991744995,0.1525132954120636,0.5059030055999756,-0.15851882100105286,0.198560431599617,0.806493878364563,-0.2190929800271988,0.13134723901748657,0.8030053973197937,-0.19793909788131714,0.10448228567838669,0.7436123490333557,-0.1690390408039093,0.07516377419233322,0.5795102119445801,-0.20828582346439362,0.10574697703123093,0.8172664046287537,-0.23272043466567993,0.056309089064598083,0.7990800142288208,-0.20083487033843994,0.03685903549194336,0.7212745547294617,-0.16924840211868286,LOVE
-0.11873474717140198,0.4791529178619385,1.729909740788571e-06,0.02166774868965149,0.4416775703430176,0.0346059650182724,0.160484179854393,0.47373783588409424,0.01568983867764473,0.25147366523742676,0.5063003897666931,-0.017186574637889862,0.3048761487007141,0.5084099173545837,-0.0488114170730114,0.263235867023468,0.41644108295440674,-0.05629706755280495,0.395515501499176,0.3585774302482605,-0.12731526792049408,0.4820692241191864,0.41507092118263245,-0.1666157990694046,0.5409096479415894,0.49234896898269653,-0.18682532012462616,0.22741492092609406,0.45797842741012573,-0.11055409163236618,0.3828958570957184,0.6840021014213562,-0.1839105486869812,0.4601365029811859,0.8082852959632874,-0.20995613932609558,0.5211004018783569,0.8981715440750122,-0.22004278004169464,0.1624118536710739,0.5151668787002563,-0.15972350537776947,0.20708128809928894,0.8092576861381531,-0.21875324845314026,0.14065031707286835,0.7877359390258789,-0.20006316900253296,0.11354822665452957,0.7199729084968567,-0.17505817115306854,0.08632168173789978,0.5859901905059814,-0.20696498453617096,0.11257132887840271,0.816223680973053,-0.2343725562095642,0.06329256296157837,0.7850504517555237,-0.2061803638935089,0.045487865805625916,0.7031165361404419,-0.17804570496082306,LOVE
-0.11883600056171417,0.47635406255722046,1.6240725244642817e-06,0.018620669841766357,0.435150682926178,0.04298877343535423,0.14863935112953186,0.45630621910095215,0.02837461791932583,0.2312013804912567,0.4564393162727356,-0.002318481681868434,0.27221959829330444,0.4254264235496521,-0.03237365186214447,0.26348358392715454,0.4247046113014221,-0.04281502217054367,0.39231449365615845,0.36704733967781067,-0.11173631995916367,0.47880518436431885,0.41949009895324707,-0.1519332379102707,0.5399479866027832,0.4912887513637543,-0.17368735373020172,0.22768765687942505,0.4647912383079529,-0.10097049921751022,0.3813323676586151,0.6872734427452087,-0.17131243646144867,0.45892077684402466,0.8110753893852234,-0.19795891642570496,0.5206900835037231,0.9020042419433594,-0.20909076929092407,0.16267922520637512,0.5223684906959534,-0.15403597056865692,0.20824725925922394,0.8113638162612915,-0.21005213260650635,0.14247754216194153,0.7920306921005249,-0.19138766825199127,0.11668258905410767,0.7268129587173462,-0.16686542332172394,0.0871339812874794,0.5955720543861389,-0.204854354262352,0.1132553219795227,0.824668288230896,-0.23057669401168823,0.0649450421333313,0.7944314479827881,-0.20313982665538788,0.04722431302070618,0.7158821821212769,-0.1759946644306183,LOVE
